﻿<?xml version="1.0" encoding="UTF-8"?>
<Repository generated="2020-04-04T18:05:08.382056Z">
  <Items>
    <Item ShortLabel="11" updated="2020-01-01T00:00:00">
      <Label>No fault</Label>
      <Comments>11 - No fault</Comments>
    </Item>
    <Item ShortLabel="12" updated="2020-01-01T00:00:00">
      <Label>Vane air flow meter 1</Label>
      <Comments>12 - Vane air flow meter 1</Comments>
    </Item>
    <Item ShortLabel="13" updated="2020-01-01T00:00:00">
      <Label>Coolant Temperature Sensor (CTS) or CTS circuit</Label>
      <Comments>13 - Coolant Temperature Sensor (CTS) or CTS circuit</Comments>
    </Item>
    <Item ShortLabel="14" updated="2020-01-01T00:00:00">
      <Label>Air Temperature Sensor (ATS) or Vane Air Temperature Sensor (VAT)</Label>
      <Comments>14 - Air Temperature Sensor (ATS) or Vane Air Temperature Sensor (VAT)</Comments>
    </Item>
    <Item ShortLabel="15" updated="2020-01-01T00:00:00">
      <Label>Throttle Pot Sensor (TPS) or TPS circuit</Label>
      <Comments>15 - Throttle Pot Sensor (TPS) or TPS circuit</Comments>
    </Item>
    <Item ShortLabel="16" updated="2020-01-01T00:00:00">
      <Label>Airflow Sensor (AFS) or AFS circuit #2</Label>
      <Comments>16 - Airflow Sensor (AFS) or AFS circuit #2</Comments>
    </Item>
    <Item ShortLabel="17" updated="2020-01-01T00:00:00">
      <Label>Manifold Absolute Pressure (MAP) sensor or MAP sensor circuit</Label>
      <Comments>17 - Manifold Absolute Pressure (MAP) sensor or MAP sensor circuit</Comments>
    </Item>
    <Item ShortLabel="18" updated="2020-01-01T00:00:00">
      <Label>Low battery voltage</Label>
      <Comments>18 - Low battery voltage</Comments>
    </Item>
    <Item ShortLabel="19" updated="2020-01-01T00:00:00">
      <Label>Keep Alive Memory (KAM) failure</Label>
      <Comments>19 - Keep Alive Memory (KAM) failure</Comments>
    </Item>
    <Item ShortLabel="21" updated="2020-01-01T00:00:00">
      <Label>Irregular ignition signal</Label>
      <Comments>21 - Irregular ignition signal</Comments>
    </Item>
    <Item ShortLabel="22" updated="2020-01-01T00:00:00">
      <Label>Airflow Sensor (AFS) or AFS circuit #1, voltage too high</Label>
      <Comments>22 - Airflow Sensor (AFS) or AFS circuit #1, voltage too high</Comments>
    </Item>
    <Item ShortLabel="23" updated="2020-01-01T00:00:00">
      <Label>Coolant Temperature Sensor (CTS) or CTS circuit, voltage too high</Label>
      <Comments>23 - Coolant Temperature Sensor (CTS) or CTS circuit, voltage too high</Comments>
    </Item>
    <Item ShortLabel="24" updated="2020-01-01T00:00:00">
      <Label>Air Temperature Sensor (ATS) or Vane Air Temperature Sensor (VAT)</Label>
      <Comments>24 - Air Temperature Sensor (ATS) or Vane Air Temperature Sensor (VAT)</Comments>
    </Item>
    <Item ShortLabel="25" updated="2020-01-01T00:00:00">
      <Label>Throttle Pot Sensor (TPS), or TPS circuit, voltage too high</Label>
      <Comments>25 - Throttle Pot Sensor (TPS), or TPS circuit, voltage too high</Comments>
    </Item>
    <Item ShortLabel="26" updated="2020-01-01T00:00:00">
      <Label>Airflow Sensor (AFS) #2, voltage too high</Label>
      <Comments>26 - Airflow Sensor (AFS) #2, voltage too high</Comments>
    </Item>
    <Item ShortLabel="27" updated="2020-01-01T00:00:00">
      <Label>Manifold Absolute Pressure (MAP) sensor or MAP sensor circuit, value too high</Label>
      <Comments>27 - Manifold Absolute Pressure (MAP) sensor or MAP sensor circuit, value too high</Comments>
    </Item>
    <Item ShortLabel="28" updated="2020-01-01T00:00:00">
      <Label>2.0 DOHC 16V only: Oxygen Sensor (OS) 1 or OS circuit rich mixture or failed sensor</Label>
      <Comments>28 - 2.0 DOHC 16V only: Oxygen Sensor (OS) 1 or OS circuit rich mixture or failed sensor</Comments>
    </Item>
    <Item ShortLabel="29" updated="2020-01-01T00:00:00">
      <Label>2.0 DOHC 16V only: Oxygen Sensor (OS) 2 or OS circuit rich mixture or failed sensor</Label>
      <Comments>29 - 2.0 DOHC 16V only: Oxygen Sensor (OS) 2 or OS circuit rich mixture or failed sensor</Comments>
    </Item>
    <Item ShortLabel="31" updated="2020-01-01T00:00:00">
      <Label>ECM or ECM circuit RAM/ROM failure</Label>
      <Comments>31 - ECM or ECM circuit RAM/ROM failure</Comments>
    </Item>
    <Item ShortLabel="32" updated="2020-01-01T00:00:00">
      <Label>Airflow Sensor (AFS) or AFS circuit #1, voltage too low</Label>
      <Comments>32 - Airflow Sensor (AFS) or AFS circuit #1, voltage too low</Comments>
    </Item>
    <Item ShortLabel="33" updated="2020-01-01T00:00:00">
      <Label>Coolant Temperature Sensor (CTS) or CTS circuit, voltage too low</Label>
      <Comments>33 - Coolant Temperature Sensor (CTS) or CTS circuit, voltage too low</Comments>
    </Item>
    <Item ShortLabel="34" updated="2020-01-01T00:00:00">
      <Label>Air Temperature Sensor (ATS) or Vain Air Temperature (VAT) sensor</Label>
      <Comments>34 - Air Temperature Sensor (ATS) or Vain Air Temperature (VAT) sensor</Comments>
    </Item>
    <Item ShortLabel="35" updated="2020-01-01T00:00:00">
      <Label>Throttle Pot Sensor (TPS), or TPS circuit voltage low</Label>
      <Comments>35 - Throttle Pot Sensor (TPS), or TPS circuit voltage low</Comments>
    </Item>
    <Item ShortLabel="36" updated="2020-01-01T00:00:00">
      <Label>Airflow Sensor (AFS) or AFS circuit #2, voltage too low</Label>
      <Comments>36 - Airflow Sensor (AFS) or AFS circuit #2, voltage too low</Comments>
    </Item>
    <Item ShortLabel="37" updated="2020-01-01T00:00:00">
      <Label>Manifold Absolute Pressure (MAP) sensor, or MAP circuit value too low</Label>
      <Comments>37 - Manifold Absolute Pressure (MAP) sensor, or MAP circuit value too low</Comments>
    </Item>
    <Item ShortLabel="38" updated="2020-01-01T00:00:00">
      <Label>2.0 DOHC 16V only: Oxygen Sensor 1 (cylinders 1 &amp; 4), lean mixture or failed sensor</Label>
      <Comments>38 - 2.0 DOHC 16V only: Oxygen Sensor 1 (cylinders 1 &amp; 4), lean mixture or failed sensor</Comments>
    </Item>
    <Item ShortLabel="39" updated="2020-01-01T00:00:00">
      <Label>2.0 DOHC 16V only: Oxygen Sensor 2 (cylinders 2 &amp; 3), lean mixture or failed sensor</Label>
      <Comments>39 - 2.0 DOHC 16V only: Oxygen Sensor 2 (cylinders 2 &amp; 3), lean mixture or failed sensor</Comments>
    </Item>
    <Item ShortLabel="41" updated="2020-01-01T00:00:00">
      <Label>Airflow Sensor (AFS) or AFS circuit # 1, no change whilst conducting self-test procedure</Label>
      <Comments>41 - Airflow Sensor (AFS) or AFS circuit # 1, no change whilst conducting self-test procedure</Comments>
    </Item>
    <Item ShortLabel="42" updated="2020-01-01T00:00:00">
      <Label>AFS #2/MAP sensor, no change whilst conducting self-test procedure</Label>
      <Comments>42 - AFS #2/MAP sensor, no change whilst conducting self-test procedure</Comments>
    </Item>
    <Item ShortLabel="43" updated="2020-01-01T00:00:00">
      <Label>Throttle Pot Sensor (TPS), or TPS circuit no TPS change during throttle depression whilst conducting self-test procedure</Label>
      <Comments>43 - Throttle Pot Sensor (TPS), or TPS circuit no TPS change during throttle depression whilst conducting self-test procedure</Comments>
    </Item>
    <Item ShortLabel="44" updated="2020-01-01T00:00:00">
      <Label>After code 10 in self-test procedure, throttle was opened too late or not at all</Label>
      <Comments>44 - After code 10 in self-test procedure, throttle was opened too late or not at all</Comments>
    </Item>
    <Item ShortLabel="45" updated="2020-01-01T00:00:00">
      <Label>Vehicle Speed Sensor (VSS) orVSS circuit</Label>
      <Comments>45 - Vehicle Speed Sensor (VSS) orVSS circuit</Comments>
    </Item>
    <Item ShortLabel="46" updated="2020-01-01T00:00:00">
      <Label>Idle Speed Control Valve (ISCV), maximum rpm not reached</Label>
      <Comments>46 - Idle Speed Control Valve (ISCV), maximum rpm not reached</Comments>
    </Item>
    <Item ShortLabel="47" updated="2020-01-01T00:00:00">
      <Label>Idle Speed Control Valve (ISCV), minimum rpm not reached</Label>
      <Comments>47 - Idle Speed Control Valve (ISCV), minimum rpm not reached</Comments>
    </Item>
    <Item ShortLabel="48" updated="2020-01-01T00:00:00">
      <Label>CFI engine: Idle tracking switch in throttle plate control motor (DC-ISC) EFI engine: Idle Speed Control (ISC) valve</Label>
      <Comments>48 - CFI engine: Idle tracking switch in throttle plate control motor (DC-ISC) EFI engine: Idle Speed Control (ISC) valve</Comments>
    </Item>
    <Item ShortLabel="49" updated="2020-01-01T00:00:00">
      <Label>Exhaust Gas Recirculation (EGR) valve</Label>
      <Comments>49 - Exhaust Gas Recirculation (EGR) valve</Comments>
    </Item>
    <Item ShortLabel="51" updated="2020-01-01T00:00:00">
      <Label>Air Conditioning (A/C) switched on</Label>
      <Comments>51 - Air Conditioning (A/C) switched on</Comments>
    </Item>
    <Item ShortLabel="52" updated="2020-01-01T00:00:00">
      <Label>Automatic transmission in "D"</Label>
      <Comments>52 - Automatic transmission in "D"</Comments>
    </Item>
    <Item ShortLabel="53" updated="2020-01-01T00:00:00">
      <Label>Octane Adjust 1 grounded (OA1)</Label>
      <Comments>53 - Octane Adjust 1 grounded (OA1)</Comments>
    </Item>
    <Item ShortLabel="54" updated="2020-01-01T00:00:00">
      <Label>Octane Adjust 2 grounded (QA2)</Label>
      <Comments>54 - Octane Adjust 2 grounded (QA2)</Comments>
    </Item>
    <Item ShortLabel="55" updated="2020-01-01T00:00:00">
      <Label>Idle speed adjust grounded</Label>
      <Comments>55 - Idle speed adjust grounded</Comments>
    </Item>
    <Item ShortLabel="56" updated="2020-01-01T00:00:00">
      <Label>Knock Sensor (KS)</Label>
      <Comments>56 - Knock Sensor (KS)</Comments>
    </Item>
    <Item ShortLabel="57" updated="2020-01-01T00:00:00">
      <Label>Throttle moved too early during self-test</Label>
      <Comments>57 - Throttle moved too early during self-test</Comments>
    </Item>
    <Item ShortLabel="58" updated="2020-01-01T00:00:00">
      <Label>Phasing of profile ignition pick up and spark advance word</Label>
      <Comments>58 - Phasing of profile ignition pick up and spark advance word</Comments>
    </Item>
    <Item ShortLabel="59" updated="2020-01-01T00:00:00">
      <Label>CO adjustment potentiometer of CO circuit</Label>
      <Comments>59 - CO adjustment potentiometer of CO circuit</Comments>
    </Item>
    <Item ShortLabel="61" updated="2020-01-01T00:00:00">
      <Label>Loss of power in cylinder 1</Label>
      <Comments>61 - Loss of power in cylinder 1</Comments>
    </Item>
    <Item ShortLabel="62" updated="2020-01-01T00:00:00">
      <Label>Loss of power in cylinder 2</Label>
      <Comments>62 - Loss of power in cylinder 2</Comments>
    </Item>
    <Item ShortLabel="63" updated="2020-01-01T00:00:00">
      <Label>Loss of power in cylinder 3</Label>
      <Comments>63 - Loss of power in cylinder 3</Comments>
    </Item>
    <Item ShortLabel="64" updated="2020-01-01T00:00:00">
      <Label>Loss of power in cylinder 4</Label>
      <Comments>64 - Loss of power in cylinder 4</Comments>
    </Item>
    <Item ShortLabel="65" updated="2020-01-01T00:00:00">
      <Label>Loss of power in cylinder 5. DOHC only: Brake On/Off (BOO) switch</Label>
      <Comments>65 - Loss of power in cylinder 5. DOHC only: Brake On/Off (BOO) switch</Comments>
    </Item>
    <Item ShortLabel="66" updated="2020-01-01T00:00:00">
      <Label>Loss of power in cylinder 6. DOHC only: Kickdown switch (KIDS)</Label>
      <Comments>66 - Loss of power in cylinder 6. DOHC only: Kickdown switch (KIDS)</Comments>
    </Item>
    <Item ShortLabel="67" updated="2020-01-01T00:00:00">
      <Label>Fuel Temperature Sensor (FTS) or FTS circuit</Label>
      <Comments>67 - Fuel Temperature Sensor (FTS) or FTS circuit</Comments>
    </Item>
    <Item ShortLabel="68" updated="2020-01-01T00:00:00">
      <Label>Turbo Boost Pressure Solenoid Valve (BPSV)</Label>
      <Comments>68 - Turbo Boost Pressure Solenoid Valve (BPSV)</Comments>
    </Item>
    <Item ShortLabel="69" updated="2020-01-01T00:00:00">
      <Label>Turbo Boost Pressure Solenoid Valve (BPSV)</Label>
      <Comments>69 - Turbo Boost Pressure Solenoid Valve (BPSV)</Comments>
    </Item>
    <Item ShortLabel="71" updated="2020-01-01T00:00:00">
      <Label>Vacuum Controlled Air Valve (VAV) Pulse Air Solenoid (PUA)</Label>
      <Comments>71 - Vacuum Controlled Air Valve (VAV) Pulse Air Solenoid (PUA)</Comments>
    </Item>
    <Item ShortLabel="72" updated="2020-01-01T00:00:00">
      <Label>1.6 CVH Turbo only:Wastegate Control Solenoid (WCS).EFI engine: Electronic Vacuum Regulator (EVR)</Label>
      <Comments>72 - 1.6 CVH Turbo only:Wastegate Control Solenoid (WCS).EFI engine: Electronic Vacuum Regulator (EVR)</Comments>
    </Item>
    <Item ShortLabel="73" updated="2020-01-01T00:00:00">
      <Label>Carbon filter solenoid valve</Label>
      <Comments>73 - Carbon filter solenoid valve</Comments>
    </Item>
    <Item ShortLabel="74" updated="2020-01-01T00:00:00">
      <Label>Fuel pump: 3/4 shift solenoid</Label>
      <Comments>74 - Fuel pump: 3/4 shift solenoid</Comments>
    </Item>
    <Item ShortLabel="75" updated="2020-01-01T00:00:00">
      <Label>Clutch converter lock-up solenoid</Label>
      <Comments>75 - Clutch converter lock-up solenoid</Comments>
    </Item>
    <Item ShortLabel="76" updated="2020-01-01T00:00:00">
      <Label>Brake on activated</Label>
      <Comments>76 - Brake on activated</Comments>
    </Item>
    <Item ShortLabel="77" updated="2020-01-01T00:00:00">
      <Label>Kickdown activated</Label>
      <Comments>77 - Kickdown activated</Comments>
    </Item>
    <Item ShortLabel="78" updated="2020-01-01T00:00:00">
      <Label>Power Steering Pressure Switch (PSPS) not activated during self-test procedure</Label>
      <Comments>78 - Power Steering Pressure Switch (PSPS) not activated during self-test procedure</Comments>
    </Item>
    <Item ShortLabel="81" updated="2020-01-01T00:00:00">
      <Label>Electronic Vacuum Regulator (EVS)</Label>
      <Comments>81 - Electronic Vacuum Regulator (EVS)</Comments>
    </Item>
    <Item ShortLabel="82" updated="2020-01-01T00:00:00">
      <Label>Electronic Pressure Transducer (EPT), voltage below minimum</Label>
      <Comments>82 - Electronic Pressure Transducer (EPT), voltage below minimum</Comments>
    </Item>
    <Item ShortLabel="83" updated="2020-01-01T00:00:00">
      <Label>Electronic Pressure Transducer (EPT), voltage too high</Label>
      <Comments>83 - Electronic Pressure Transducer (EPT), voltage too high</Comments>
    </Item>
    <Item ShortLabel="84" updated="2020-01-01T00:00:00">
      <Label>Electronic Pressure Transducer (EPT), voltage too low</Label>
      <Comments>84 - Electronic Pressure Transducer (EPT), voltage too low</Comments>
    </Item>
    <Item ShortLabel="91" updated="2020-01-01T00:00:00">
      <Label>2.0 DOHC 16V only: Oxygen Sensors (OS) or OS circuit, plugs connection interchanged</Label>
      <Comments>91 - 2.0 DOHC 16V only: Oxygen Sensors (OS) or OS circuit, plugs connection interchanged</Comments>
    </Item>
    <Item ShortLabel="111" updated="2020-01-01T00:00:00">
      <Label>All systems ok</Label>
      <Comments>111 - All systems ok</Comments>
    </Item>
    <Item ShortLabel="112" updated="2020-01-01T00:00:00">
      <Label>Air temperature sensor: Low voltage, high voltage and outside range</Label>
      <Comments>112 - Air temperature sensor: Low voltage, high voltage and outside range</Comments>
    </Item>
    <Item ShortLabel="113" updated="2020-01-01T00:00:00">
      <Label>Air temperature sensor: Low voltage, high voltage and outside range</Label>
      <Comments>113 - Air temperature sensor: Low voltage, high voltage and outside range</Comments>
    </Item>
    <Item ShortLabel="114" updated="2020-01-01T00:00:00">
      <Label>Air temperature sensor: Low voltage, high voltage and outside range</Label>
      <Comments>114 - Air temperature sensor: Low voltage, high voltage and outside range</Comments>
    </Item>
    <Item ShortLabel="116" updated="2020-01-01T00:00:00">
      <Label>Coolant temperature sensor: Outside range, low voltage and high voltage</Label>
      <Comments>116 - Coolant temperature sensor: Outside range, low voltage and high voltage</Comments>
    </Item>
    <Item ShortLabel="117" updated="2020-01-01T00:00:00">
      <Label>Coolant temperature sensor: Outside range, low voltage and high voltage</Label>
      <Comments>117 - Coolant temperature sensor: Outside range, low voltage and high voltage</Comments>
    </Item>
    <Item ShortLabel="118" updated="2020-01-01T00:00:00">
      <Label>Coolant temperature sensor: Outside range, low voltage and high voltage</Label>
      <Comments>118 - Coolant temperature sensor: Outside range, low voltage and high voltage</Comments>
    </Item>
    <Item ShortLabel="121" updated="2020-01-01T00:00:00">
      <Label>Throttle pot sensor: Outside range, low voltage, high voltage, above and below spec.</Label>
      <Comments>121 - Throttle pot sensor: Outside range, low voltage, high voltage, above and below spec.</Comments>
    </Item>
    <Item ShortLabel="122" updated="2020-01-01T00:00:00">
      <Label>Throttle pot sensor: Outside range, low voltage, high voltage, above and below spec.</Label>
      <Comments>122 - Throttle pot sensor: Outside range, low voltage, high voltage, above and below spec.</Comments>
    </Item>
    <Item ShortLabel="123" updated="2020-01-01T00:00:00">
      <Label>Throttle pot sensor: Outside range, low voltage, high voltage, above and below spec.</Label>
      <Comments>123 - Throttle pot sensor: Outside range, low voltage, high voltage, above and below spec.</Comments>
    </Item>
    <Item ShortLabel="124" updated="2020-01-01T00:00:00">
      <Label>Throttle pot sensor: Outside range, low voltage, high voltage, above and below spec.</Label>
      <Comments>124 - Throttle pot sensor: Outside range, low voltage, high voltage, above and below spec.</Comments>
    </Item>
    <Item ShortLabel="125" updated="2020-01-01T00:00:00">
      <Label>Throttle pot sensor: Outside range, low voltage, high voltage, above and below spec.</Label>
      <Comments>125 - Throttle pot sensor: Outside range, low voltage, high voltage, above and below spec.</Comments>
    </Item>
    <Item ShortLabel="126" updated="2020-01-01T00:00:00">
      <Label>MAP voltage above specification</Label>
      <Comments>126 - MAP voltage above specification</Comments>
    </Item>
    <Item ShortLabel="128" updated="2020-01-01T00:00:00">
      <Label>MAP sensor/vacuum hose fault</Label>
      <Comments>128 - MAP sensor/vacuum hose fault</Comments>
    </Item>
    <Item ShortLabel="129" updated="2020-01-01T00:00:00">
      <Label>MAP sensor, no MAF change during throttle depression</Label>
      <Comments>129 - MAP sensor, no MAF change during throttle depression</Comments>
    </Item>
    <Item ShortLabel="136" updated="2020-01-01T00:00:00">
      <Label>Oxygen sensor: Too high or lean mixture</Label>
      <Comments>136 - Oxygen sensor: Too high or lean mixture</Comments>
    </Item>
    <Item ShortLabel="137" updated="2020-01-01T00:00:00">
      <Label>Oxygen sensor: Too high or lean mixture</Label>
      <Comments>137 - Oxygen sensor: Too high or lean mixture</Comments>
    </Item>
    <Item ShortLabel="139" updated="2020-01-01T00:00:00">
      <Label>Oxygen sensor: Too high or lean mixture</Label>
      <Comments>139 - Oxygen sensor: Too high or lean mixture</Comments>
    </Item>
    <Item ShortLabel="144" updated="2020-01-01T00:00:00">
      <Label>Oxygen sensor: Too high or lean mixture</Label>
      <Comments>144 - Oxygen sensor: Too high or lean mixture</Comments>
    </Item>
    <Item ShortLabel="157" updated="2020-01-01T00:00:00">
      <Label>Mass Airflow (MAF) sensor: Low voltage, high voltage and outside range</Label>
      <Comments>157 - Mass Airflow (MAF) sensor: Low voltage, high voltage and outside range</Comments>
    </Item>
    <Item ShortLabel="158" updated="2020-01-01T00:00:00">
      <Label>Mass Airflow (MAF) sensor: Low voltage, high voltage and outside range</Label>
      <Comments>158 - Mass Airflow (MAF) sensor: Low voltage, high voltage and outside range</Comments>
    </Item>
    <Item ShortLabel="159" updated="2020-01-01T00:00:00">
      <Label>Mass Airflow (MAF) sensor: Low voltage, high voltage and outside range</Label>
      <Comments>159 - Mass Airflow (MAF) sensor: Low voltage, high voltage and outside range</Comments>
    </Item>
    <Item ShortLabel="167" updated="2020-01-01T00:00:00">
      <Label>Throttle Position Sensor (TPS), no change in TPS while depressing throttle during self-test</Label>
      <Comments>167 - Throttle Position Sensor (TPS), no change in TPS while depressing throttle during self-test</Comments>
    </Item>
    <Item ShortLabel="171" updated="2020-01-01T00:00:00">
      <Label>Oxygen sensor (right)</Label>
      <Comments>171 - Oxygen sensor (right)</Comments>
    </Item>
    <Item ShortLabel="172" updated="2020-01-01T00:00:00">
      <Label>Oxvqen sensor (right) too lean</Label>
      <Comments>172 - Oxvqen sensor (right) too lean</Comments>
    </Item>
    <Item ShortLabel="173" updated="2020-01-01T00:00:00">
      <Label>Oxygen sensor (right) too rich</Label>
      <Comments>173 - Oxygen sensor (right) too rich</Comments>
    </Item>
    <Item ShortLabel="174" updated="2020-01-01T00:00:00">
      <Label>Oxygen sensor (right) slow response</Label>
      <Comments>174 - Oxygen sensor (right) slow response</Comments>
    </Item>
    <Item ShortLabel="175" updated="2020-01-01T00:00:00">
      <Label>Oxvqen sensor (left)</Label>
      <Comments>175 - Oxvqen sensor (left)</Comments>
    </Item>
    <Item ShortLabel="176" updated="2020-01-01T00:00:00">
      <Label>Oxygen sensor (left) too lean</Label>
      <Comments>176 - Oxygen sensor (left) too lean</Comments>
    </Item>
    <Item ShortLabel="177" updated="2020-01-01T00:00:00">
      <Label>Oxygen sensor (left) too rich</Label>
      <Comments>177 - Oxygen sensor (left) too rich</Comments>
    </Item>
    <Item ShortLabel="178" updated="2020-01-01T00:00:00">
      <Label>Oxvqen sensor (left) slow response</Label>
      <Comments>178 - Oxvqen sensor (left) slow response</Comments>
    </Item>
    <Item ShortLabel="179" updated="2020-01-01T00:00:00">
      <Label>Fuel system: mixture too lean</Label>
      <Comments>179 - Fuel system: mixture too lean</Comments>
    </Item>
    <Item ShortLabel="181" updated="2020-01-01T00:00:00">
      <Label>Fuel system: mixture too rich</Label>
      <Comments>181 - Fuel system: mixture too rich</Comments>
    </Item>
    <Item ShortLabel="182" updated="2020-01-01T00:00:00">
      <Label>Idle mixture too lean</Label>
      <Comments>182 - Idle mixture too lean</Comments>
    </Item>
    <Item ShortLabel="183" updated="2020-01-01T00:00:00">
      <Label>Idle mixture too rich</Label>
      <Comments>183 - Idle mixture too rich</Comments>
    </Item>
    <Item ShortLabel="184" updated="2020-01-01T00:00:00">
      <Label>Mass Airflow (MAF) sensor: Above specification, below specification</Label>
      <Comments>184 - Mass Airflow (MAF) sensor: Above specification, below specification</Comments>
    </Item>
    <Item ShortLabel="185" updated="2020-01-01T00:00:00">
      <Label>Mass Airflow (MAF) sensor: Above specification, below specification</Label>
      <Comments>185 - Mass Airflow (MAF) sensor: Above specification, below specification</Comments>
    </Item>
    <Item ShortLabel="186" updated="2020-01-01T00:00:00">
      <Label>Injector opening time: Too long</Label>
      <Comments>186 - Injector opening time: Too long</Comments>
    </Item>
    <Item ShortLabel="187" updated="2020-01-01T00:00:00">
      <Label>Injector opening time: Too short</Label>
      <Comments>187 - Injector opening time: Too short</Comments>
    </Item>
    <Item ShortLabel="188" updated="2020-01-01T00:00:00">
      <Label>Oxygen sensor: voltage too low</Label>
      <Comments>188 - Oxygen sensor: voltage too low</Comments>
    </Item>
    <Item ShortLabel="189" updated="2020-01-01T00:00:00">
      <Label>Oxygen sensor: voltage too high</Label>
      <Comments>189 - Oxygen sensor: voltage too high</Comments>
    </Item>
    <Item ShortLabel="191" updated="2020-01-01T00:00:00">
      <Label>Idle mixture too lean</Label>
      <Comments>191 - Idle mixture too lean</Comments>
    </Item>
    <Item ShortLabel="192" updated="2020-01-01T00:00:00">
      <Label>Idle mixture too rich</Label>
      <Comments>192 - Idle mixture too rich</Comments>
    </Item>
    <Item ShortLabel="193" updated="2020-01-01T00:00:00">
      <Label>Flexible fuel sensor circuit</Label>
      <Comments>193 - Flexible fuel sensor circuit</Comments>
    </Item>
    <Item ShortLabel="194" updated="2020-01-01T00:00:00">
      <Label>Oxygen sensor</Label>
      <Comments>194 - Oxygen sensor</Comments>
    </Item>
    <Item ShortLabel="195" updated="2020-01-01T00:00:00">
      <Label>Oxygen sensor</Label>
      <Comments>195 - Oxygen sensor</Comments>
    </Item>
    <Item ShortLabel="211" updated="2020-01-01T00:00:00">
      <Label>Profile ignition pick-up signal</Label>
      <Comments>211 - Profile ignition pick-up signal</Comments>
    </Item>
    <Item ShortLabel="212" updated="2020-01-01T00:00:00">
      <Label>Tachometer circuit</Label>
      <Comments>212 - Tachometer circuit</Comments>
    </Item>
    <Item ShortLabel="213" updated="2020-01-01T00:00:00">
      <Label>Spark advance word circuit</Label>
      <Comments>213 - Spark advance word circuit</Comments>
    </Item>
    <Item ShortLabel="214" updated="2020-01-01T00:00:00">
      <Label>Cylinder identification sensor</Label>
      <Comments>214 - Cylinder identification sensor</Comments>
    </Item>
    <Item ShortLabel="215" updated="2020-01-01T00:00:00">
      <Label>Electronic Distributorless Ignition System (EDIS) coil #1</Label>
      <Comments>215 - Electronic Distributorless Ignition System (EDIS) coil #1</Comments>
    </Item>
    <Item ShortLabel="216" updated="2020-01-01T00:00:00">
      <Label>Electronic Distributorless Ignition System (EDIS) coil #2</Label>
      <Comments>216 - Electronic Distributorless Ignition System (EDIS) coil #2</Comments>
    </Item>
    <Item ShortLabel="217" updated="2020-01-01T00:00:00">
      <Label>Electronic Distributorless Ignition System (EDIS) coil #3</Label>
      <Comments>217 - Electronic Distributorless Ignition System (EDIS) coil #3</Comments>
    </Item>
    <Item ShortLabel="218" updated="2020-01-01T00:00:00">
      <Label>Tachometer circuit</Label>
      <Comments>218 - Tachometer circuit</Comments>
    </Item>
    <Item ShortLabel="220" updated="2020-01-01T00:00:00">
      <Label>Tachometer circuit</Label>
      <Comments>220 - Tachometer circuit</Comments>
    </Item>
    <Item ShortLabel="222" updated="2020-01-01T00:00:00">
      <Label>Tachometer circuit</Label>
      <Comments>222 - Tachometer circuit</Comments>
    </Item>
    <Item ShortLabel="219" updated="2020-01-01T00:00:00">
      <Label>Spark timing default</Label>
      <Comments>219 - Spark timing default</Comments>
    </Item>
    <Item ShortLabel="221" updated="2020-01-01T00:00:00">
      <Label>Spark timing error</Label>
      <Comments>221 - Spark timing error</Comments>
    </Item>
    <Item ShortLabel="225" updated="2020-01-01T00:00:00">
      <Label>Knock sensor</Label>
      <Comments>225 - Knock sensor</Comments>
    </Item>
    <Item ShortLabel="226" updated="2020-01-01T00:00:00">
      <Label>EDIS module</Label>
      <Comments>226 - EDIS module</Comments>
    </Item>
    <Item ShortLabel="227" updated="2020-01-01T00:00:00">
      <Label>Crank angle sensor/engine speed sensor</Label>
      <Comments>227 - Crank angle sensor/engine speed sensor</Comments>
    </Item>
    <Item ShortLabel="228" updated="2020-01-01T00:00:00">
      <Label>Electronic Distributorless Ignition System (EDIS) coil #1</Label>
      <Comments>228 - Electronic Distributorless Ignition System (EDIS) coil #1</Comments>
    </Item>
    <Item ShortLabel="229" updated="2020-01-01T00:00:00">
      <Label>Electronic Distributorless Ignition System (EDIS) coil #2</Label>
      <Comments>229 - Electronic Distributorless Ignition System (EDIS) coil #2</Comments>
    </Item>
    <Item ShortLabel="231" updated="2020-01-01T00:00:00">
      <Label>Electronic Distributorless Ignition System (EDIS) coil #3</Label>
      <Comments>231 - Electronic Distributorless Ignition System (EDIS) coil #3</Comments>
    </Item>
    <Item ShortLabel="232" updated="2020-01-01T00:00:00">
      <Label>Primary circuit of ignition coil</Label>
      <Comments>232 - Primary circuit of ignition coil</Comments>
    </Item>
    <Item ShortLabel="233" updated="2020-01-01T00:00:00">
      <Label>EDIS module</Label>
      <Comments>233 - EDIS module</Comments>
    </Item>
    <Item ShortLabel="234" updated="2020-01-01T00:00:00">
      <Label>Ignition coil or circuit</Label>
      <Comments>234 - Ignition coil or circuit</Comments>
    </Item>
    <Item ShortLabel="235" updated="2020-01-01T00:00:00">
      <Label>Ignition coil or circuit</Label>
      <Comments>235 - Ignition coil or circuit</Comments>
    </Item>
    <Item ShortLabel="236" updated="2020-01-01T00:00:00">
      <Label>Ignition coil or circuit</Label>
      <Comments>236 - Ignition coil or circuit</Comments>
    </Item>
    <Item ShortLabel="237" updated="2020-01-01T00:00:00">
      <Label>Ignition coil or circuit</Label>
      <Comments>237 - Ignition coil or circuit</Comments>
    </Item>
    <Item ShortLabel="238" updated="2020-01-01T00:00:00">
      <Label>EDIS module or circuit</Label>
      <Comments>238 - EDIS module or circuit</Comments>
    </Item>
    <Item ShortLabel="239" updated="2020-01-01T00:00:00">
      <Label>Profile ignition pick-up signal under cranking</Label>
      <Comments>239 - Profile ignition pick-up signal under cranking</Comments>
    </Item>
    <Item ShortLabel="241" updated="2020-01-01T00:00:00">
      <Label>ECM: incorrect self-test data</Label>
      <Comments>241 - ECM: incorrect self-test data</Comments>
    </Item>
    <Item ShortLabel="243" updated="2020-01-01T00:00:00">
      <Label>Coil failure</Label>
      <Comments>243 - Coil failure</Comments>
    </Item>
    <Item ShortLabel="244" updated="2020-01-01T00:00:00">
      <Label>Cylinder identification fault when power balance reguested</Label>
      <Comments>244 - Cylinder identification fault when power balance reguested</Comments>
    </Item>
    <Item ShortLabel="311" updated="2020-01-01T00:00:00">
      <Label>Pulse air system: faulty</Label>
      <Comments>311 - Pulse air system: faulty</Comments>
    </Item>
    <Item ShortLabel="312" updated="2020-01-01T00:00:00">
      <Label>Pulse air system: faulty</Label>
      <Comments>312 - Pulse air system: faulty</Comments>
    </Item>
    <Item ShortLabel="313" updated="2020-01-01T00:00:00">
      <Label>Pulse air system: faulty</Label>
      <Comments>313 - Pulse air system: faulty</Comments>
    </Item>
    <Item ShortLabel="314" updated="2020-01-01T00:00:00">
      <Label>Pulse air system: faulty</Label>
      <Comments>314 - Pulse air system: faulty</Comments>
    </Item>
    <Item ShortLabel="315" updated="2020-01-01T00:00:00">
      <Label>Pulse air system: faulty</Label>
      <Comments>315 - Pulse air system: faulty</Comments>
    </Item>
    <Item ShortLabel="316" updated="2020-01-01T00:00:00">
      <Label>Pulse air system: faulty</Label>
      <Comments>316 - Pulse air system: faulty</Comments>
    </Item>
    <Item ShortLabel="326" updated="2020-01-01T00:00:00">
      <Label>Electronic pressure transducer/delta pressure feedback electronic system</Label>
      <Comments>326 - Electronic pressure transducer/delta pressure feedback electronic system</Comments>
    </Item>
    <Item ShortLabel="327" updated="2020-01-01T00:00:00">
      <Label>Electronic Pressure Transducer (EPT) Delta Pressure Feedback Electronic System (DPFE)</Label>
      <Comments>327 - Electronic Pressure Transducer (EPT) Delta Pressure Feedback Electronic System (DPFE)</Comments>
    </Item>
    <Item ShortLabel="328" updated="2020-01-01T00:00:00">
      <Label>Electronic vacuum regulator</Label>
      <Comments>328 - Electronic vacuum regulator</Comments>
    </Item>
    <Item ShortLabel="332" updated="2020-01-01T00:00:00">
      <Label>EGR valve not opening</Label>
      <Comments>332 - EGR valve not opening</Comments>
    </Item>
    <Item ShortLabel="334" updated="2020-01-01T00:00:00">
      <Label>Electronic vacuum regulator</Label>
      <Comments>334 - Electronic vacuum regulator</Comments>
    </Item>
    <Item ShortLabel="335" updated="2020-01-01T00:00:00">
      <Label>EPT/DPFE</Label>
      <Comments>335 - EPT/DPFE</Comments>
    </Item>
    <Item ShortLabel="336" updated="2020-01-01T00:00:00">
      <Label>Exhaust pressure too high</Label>
      <Comments>336 - Exhaust pressure too high</Comments>
    </Item>
    <Item ShortLabel="337" updated="2020-01-01T00:00:00">
      <Label>EPT/DPFE</Label>
      <Comments>337 - EPT/DPFE</Comments>
    </Item>
    <Item ShortLabel="338" updated="2020-01-01T00:00:00">
      <Label>Cooling temperature sensor</Label>
      <Comments>338 - Cooling temperature sensor</Comments>
    </Item>
    <Item ShortLabel="339" updated="2020-01-01T00:00:00">
      <Label>Cooling temperature sensor</Label>
      <Comments>339 - Cooling temperature sensor</Comments>
    </Item>
    <Item ShortLabel="341" updated="2020-01-01T00:00:00">
      <Label>Octane adjuster</Label>
      <Comments>341 - Octane adjuster</Comments>
    </Item>
    <Item ShortLabel="411" updated="2020-01-01T00:00:00">
      <Label>Engine speed during self-test: Too low</Label>
      <Comments>411 - Engine speed during self-test: Too low</Comments>
    </Item>
    <Item ShortLabel="412" updated="2020-01-01T00:00:00">
      <Label>Engine speed during self-test: Too high</Label>
      <Comments>412 - Engine speed during self-test: Too high</Comments>
    </Item>
    <Item ShortLabel="413" updated="2020-01-01T00:00:00">
      <Label>Idle speed control valve</Label>
      <Comments>413 - Idle speed control valve</Comments>
    </Item>
    <Item ShortLabel="414" updated="2020-01-01T00:00:00">
      <Label>Idle speed control valve</Label>
      <Comments>414 - Idle speed control valve</Comments>
    </Item>
    <Item ShortLabel="415" updated="2020-01-01T00:00:00">
      <Label>Idle speed control valve</Label>
      <Comments>415 - Idle speed control valve</Comments>
    </Item>
    <Item ShortLabel="416" updated="2020-01-01T00:00:00">
      <Label>Idle speed control valve</Label>
      <Comments>416 - Idle speed control valve</Comments>
    </Item>
    <Item ShortLabel="452" updated="2020-01-01T00:00:00">
      <Label>Vehicle Speed Sensor (VSS)</Label>
      <Comments>452 - Vehicle Speed Sensor (VSS)</Comments>
    </Item>
    <Item ShortLabel="453" updated="2020-01-01T00:00:00">
      <Label>Servo leaking down</Label>
      <Comments>453 - Servo leaking down</Comments>
    </Item>
    <Item ShortLabel="454" updated="2020-01-01T00:00:00">
      <Label>Servo leaking up</Label>
      <Comments>454 - Servo leaking up</Comments>
    </Item>
    <Item ShortLabel="455" updated="2020-01-01T00:00:00">
      <Label>Insufficient RPM increase</Label>
      <Comments>455 - Insufficient RPM increase</Comments>
    </Item>
    <Item ShortLabel="456" updated="2020-01-01T00:00:00">
      <Label>Insufficient RPM decrease</Label>
      <Comments>456 - Insufficient RPM decrease</Comments>
    </Item>
    <Item ShortLabel="457" updated="2020-01-01T00:00:00">
      <Label>Speed control fault</Label>
      <Comments>457 - Speed control fault</Comments>
    </Item>
    <Item ShortLabel="458" updated="2020-01-01T00:00:00">
      <Label>Speed control fault</Label>
      <Comments>458 - Speed control fault</Comments>
    </Item>
    <Item ShortLabel="459" updated="2020-01-01T00:00:00">
      <Label>Speed control fault</Label>
      <Comments>459 - Speed control fault</Comments>
    </Item>
    <Item ShortLabel="511" updated="2020-01-01T00:00:00">
      <Label>ROM fault</Label>
      <Comments>511 - ROM fault</Comments>
    </Item>
    <Item ShortLabel="512" updated="2020-01-01T00:00:00">
      <Label>KAM fault</Label>
      <Comments>512 - KAM fault</Comments>
    </Item>
    <Item ShortLabel="513" updated="2020-01-01T00:00:00">
      <Label>EMC reference voltage</Label>
      <Comments>513 - EMC reference voltage</Comments>
    </Item>
    <Item ShortLabel="519" updated="2020-01-01T00:00:00">
      <Label>Power steering pressure switch: Not activated during self-test</Label>
      <Comments>519 - Power steering pressure switch: Not activated during self-test</Comments>
    </Item>
    <Item ShortLabel="521" updated="2020-01-01T00:00:00">
      <Label>Power steering pressure switch: Not activated during self-test</Label>
      <Comments>521 - Power steering pressure switch: Not activated during self-test</Comments>
    </Item>
    <Item ShortLabel="522" updated="2020-01-01T00:00:00">
      <Label>Neutral/drive switch</Label>
      <Comments>522 - Neutral/drive switch</Comments>
    </Item>
    <Item ShortLabel="525" updated="2020-01-01T00:00:00">
      <Label>Vehicle in gear or A/C on</Label>
      <Comments>525 - Vehicle in gear or A/C on</Comments>
    </Item>
    <Item ShortLabel="528" updated="2020-01-01T00:00:00">
      <Label>Clutch switch error</Label>
      <Comments>528 - Clutch switch error</Comments>
    </Item>
    <Item ShortLabel="536" updated="2020-01-01T00:00:00">
      <Label>Brake on/off switch: Not activated during self-test</Label>
      <Comments>536 - Brake on/off switch: Not activated during self-test</Comments>
    </Item>
    <Item ShortLabel="538" updated="2020-01-01T00:00:00">
      <Label>Operating error during self-test</Label>
      <Comments>538 - Operating error during self-test</Comments>
    </Item>
    <Item ShortLabel="539" updated="2020-01-01T00:00:00">
      <Label>Air Conditioning (A/C) switched on during self-test</Label>
      <Comments>539 - Air Conditioning (A/C) switched on during self-test</Comments>
    </Item>
    <Item ShortLabel="542" updated="2020-01-01T00:00:00">
      <Label>Fuel pump circuit failure</Label>
      <Comments>542 - Fuel pump circuit failure</Comments>
    </Item>
    <Item ShortLabel="543" updated="2020-01-01T00:00:00">
      <Label>Fuel pump circuit failure</Label>
      <Comments>543 - Fuel pump circuit failure</Comments>
    </Item>
    <Item ShortLabel="551" updated="2020-01-01T00:00:00">
      <Label>Idle Speed Control (ISC) Circuit: Failure</Label>
      <Comments>551 - Idle Speed Control (ISC) Circuit: Failure</Comments>
    </Item>
    <Item ShortLabel="552" updated="2020-01-01T00:00:00">
      <Label>Pulse air circuit: Failure</Label>
      <Comments>552 - Pulse air circuit: Failure</Comments>
    </Item>
    <Item ShortLabel="554" updated="2020-01-01T00:00:00">
      <Label>Fuel pressure regulator control circuit: Failure</Label>
      <Comments>554 - Fuel pressure regulator control circuit: Failure</Comments>
    </Item>
    <Item ShortLabel="556" updated="2020-01-01T00:00:00">
      <Label>Fuel pump circuit</Label>
      <Comments>556 - Fuel pump circuit</Comments>
    </Item>
    <Item ShortLabel="557" updated="2020-01-01T00:00:00">
      <Label>Fuel pump circuit: low speed</Label>
      <Comments>557 - Fuel pump circuit: low speed</Comments>
    </Item>
    <Item ShortLabel="558" updated="2020-01-01T00:00:00">
      <Label>Electronic vacuum regulator circuit</Label>
      <Comments>558 - Electronic vacuum regulator circuit</Comments>
    </Item>
    <Item ShortLabel="563" updated="2020-01-01T00:00:00">
      <Label>High speed electric-drive fan relay/circuit</Label>
      <Comments>563 - High speed electric-drive fan relay/circuit</Comments>
    </Item>
    <Item ShortLabel="564" updated="2020-01-01T00:00:00">
      <Label>Electronic-drive fan relay/circuit: Failure</Label>
      <Comments>564 - Electronic-drive fan relay/circuit: Failure</Comments>
    </Item>
    <Item ShortLabel="565" updated="2020-01-01T00:00:00">
      <Label>Carbon filter solenoid valve</Label>
      <Comments>565 - Carbon filter solenoid valve</Comments>
    </Item>
    <Item ShortLabel="566" updated="2020-01-01T00:00:00">
      <Label>3rd/4th gear solenoid A/T</Label>
      <Comments>566 - 3rd/4th gear solenoid A/T</Comments>
    </Item>
    <Item ShortLabel="573" updated="2020-01-01T00:00:00">
      <Label>Electronic-drive fan relay/circuit: Failure</Label>
      <Comments>573 - Electronic-drive fan relay/circuit: Failure</Comments>
    </Item>
    <Item ShortLabel="574" updated="2020-01-01T00:00:00">
      <Label>High speed electronic-drive fan relay/circuit</Label>
      <Comments>574 - High speed electronic-drive fan relay/circuit</Comments>
    </Item>
    <Item ShortLabel="575" updated="2020-01-01T00:00:00">
      <Label>Fuel pump circuit/inertia switch circuit</Label>
      <Comments>575 - Fuel pump circuit/inertia switch circuit</Comments>
    </Item>
    <Item ShortLabel="576" updated="2020-01-01T00:00:00">
      <Label>Kick-down switch</Label>
      <Comments>576 - Kick-down switch</Comments>
    </Item>
    <Item ShortLabel="577" updated="2020-01-01T00:00:00">
      <Label>Kick-down switch: not activated during self-test</Label>
      <Comments>577 - Kick-down switch: not activated during self-test</Comments>
    </Item>
    <Item ShortLabel="583" updated="2020-01-01T00:00:00">
      <Label>Power to fuel pump fault</Label>
      <Comments>583 - Power to fuel pump fault</Comments>
    </Item>
    <Item ShortLabel="612" updated="2020-01-01T00:00:00">
      <Label>4/3 Switch: Failed open-circuit</Label>
      <Comments>612 - 4/3 Switch: Failed open-circuit</Comments>
    </Item>
    <Item ShortLabel="613" updated="2020-01-01T00:00:00">
      <Label>4/3 Circuit: Failed open-circuit</Label>
      <Comments>613 - 4/3 Circuit: Failed open-circuit</Comments>
    </Item>
    <Item ShortLabel="614" updated="2020-01-01T00:00:00">
      <Label>3/2 Circuit: Failed short-circuit</Label>
      <Comments>614 - 3/2 Circuit: Failed short-circuit</Comments>
    </Item>
    <Item ShortLabel="615" updated="2020-01-01T00:00:00">
      <Label>3/2 Circuit: Failed short-circuit</Label>
      <Comments>615 - 3/2 Circuit: Failed short-circuit</Comments>
    </Item>
    <Item ShortLabel="621" updated="2020-01-01T00:00:00">
      <Label>Shift solenoid 1 circuit: Failed</Label>
      <Comments>621 - Shift solenoid 1 circuit: Failed</Comments>
    </Item>
    <Item ShortLabel="622" updated="2020-01-01T00:00:00">
      <Label>Shift solenoid 2 circuit: Failed</Label>
      <Comments>622 - Shift solenoid 2 circuit: Failed</Comments>
    </Item>
    <Item ShortLabel="624" updated="2020-01-01T00:00:00">
      <Label>EPC solenoid circuit: Failed</Label>
      <Comments>624 - EPC solenoid circuit: Failed</Comments>
    </Item>
    <Item ShortLabel="625" updated="2020-01-01T00:00:00">
      <Label>EPC solenoid circuit: Failed</Label>
      <Comments>625 - EPC solenoid circuit: Failed</Comments>
    </Item>
    <Item ShortLabel="628" updated="2020-01-01T00:00:00">
      <Label>Lock-up solenoid, A/T: Failed</Label>
      <Comments>628 - Lock-up solenoid, A/T: Failed</Comments>
    </Item>
    <Item ShortLabel="629" updated="2020-01-01T00:00:00">
      <Label>Torque converter lock-up clutch solenoid</Label>
      <Comments>629 - Torque converter lock-up clutch solenoid</Comments>
    </Item>
    <Item ShortLabel="634" updated="2020-01-01T00:00:00">
      <Label>Neutral/drive switch circuit: Failed</Label>
      <Comments>634 - Neutral/drive switch circuit: Failed</Comments>
    </Item>
    <Item ShortLabel="635" updated="2020-01-01T00:00:00">
      <Label>Transmission temperature switch: Failed</Label>
      <Comments>635 - Transmission temperature switch: Failed</Comments>
    </Item>
    <Item ShortLabel="636" updated="2020-01-01T00:00:00">
      <Label>Transmission temperature switch: Failed</Label>
      <Comments>636 - Transmission temperature switch: Failed</Comments>
    </Item>
    <Item ShortLabel="637" updated="2020-01-01T00:00:00">
      <Label>Transmission temperature switch: Failed</Label>
      <Comments>637 - Transmission temperature switch: Failed</Comments>
    </Item>
    <Item ShortLabel="639" updated="2020-01-01T00:00:00">
      <Label>TSS failure</Label>
      <Comments>639 - TSS failure</Comments>
    </Item>
    <Item ShortLabel="645" updated="2020-01-01T00:00:00">
      <Label>1st Gear failure</Label>
      <Comments>645 - 1st Gear failure</Comments>
    </Item>
    <Item ShortLabel="646" updated="2020-01-01T00:00:00">
      <Label>2nd Gear failure</Label>
      <Comments>646 - 2nd Gear failure</Comments>
    </Item>
    <Item ShortLabel="647" updated="2020-01-01T00:00:00">
      <Label>3rd Gear failure</Label>
      <Comments>647 - 3rd Gear failure</Comments>
    </Item>
    <Item ShortLabel="648" updated="2020-01-01T00:00:00">
      <Label>4th Gear failure</Label>
      <Comments>648 - 4th Gear failure</Comments>
    </Item>
    <Item ShortLabel="649" updated="2020-01-01T00:00:00">
      <Label>ETV failure</Label>
      <Comments>649 - ETV failure</Comments>
    </Item>
    <Item ShortLabel="651" updated="2020-01-01T00:00:00">
      <Label>ETV intermittent failure</Label>
      <Comments>651 - ETV intermittent failure</Comments>
    </Item>
    <Item ShortLabel="652" updated="2020-01-01T00:00:00">
      <Label>Lock-up solenoid-A/T circuit failure</Label>
      <Comments>652 - Lock-up solenoid-A/T circuit failure</Comments>
    </Item>
    <Item ShortLabel="653" updated="2020-01-01T00:00:00">
      <Label>Transmission control switch: Not activated during self-test</Label>
      <Comments>653 - Transmission control switch: Not activated during self-test</Comments>
    </Item>
    <Item ShortLabel="998" updated="2020-01-01T00:00:00">
      <Label>Fault in ECT/ACT/MAF/TPR circuit</Label>
      <Comments>998 - Fault in ECT/ACT/MAF/TPR circuit</Comments>
    </Item>
  </Items>
</Repository>