﻿<?xml version="1.0" encoding="UTF-8"?>
<Repository generated="2020-04-04T18:07:01.1781521Z">
  <Items>
    <Item ShortLabel="11" updated="2020-01-01T00:00:00">
      <Label>System pass</Label>
      <Comments>11 - System pass</Comments>
    </Item>
    <Item ShortLabel="12" updated="2020-01-01T00:00:00">
      <Label>Idle speed control valve</Label>
      <Comments>12 - Idle speed control valve</Comments>
    </Item>
    <Item ShortLabel="13" updated="2020-01-01T00:00:00">
      <Label>Idle Speed Control Valve (ISCV)</Label>
      <Comments>13 - Idle Speed Control Valve (ISCV)</Comments>
    </Item>
    <Item ShortLabel="14" updated="2020-01-01T00:00:00">
      <Label>Ignition pick-up signal or circuit</Label>
      <Comments>14 - Ignition pick-up signal or circuit</Comments>
    </Item>
    <Item ShortLabel="15" updated="2020-01-01T00:00:00">
      <Label>KAM/ROM module failure</Label>
      <Comments>15 - KAM/ROM module failure</Comments>
    </Item>
    <Item ShortLabel="16" updated="2020-01-01T00:00:00">
      <Label>Engine speed too low</Label>
      <Comments>16 - Engine speed too low</Comments>
    </Item>
    <Item ShortLabel="17" updated="2020-01-01T00:00:00">
      <Label>1.8 CVH LFI only: Idle Speed Stepper Motor (ISSM), idle contacts</Label>
      <Comments>17 - 1.8 CVH LFI only: Idle Speed Stepper Motor (ISSM), idle contacts</Comments>
    </Item>
    <Item ShortLabel="18" updated="2020-01-01T00:00:00">
      <Label>Ignition module operation</Label>
      <Comments>18 - Ignition module operation</Comments>
    </Item>
    <Item ShortLabel="19" updated="2020-01-01T00:00:00">
      <Label>Module power supply</Label>
      <Comments>19 - Module power supply</Comments>
    </Item>
    <Item ShortLabel="20" updated="2020-01-01T00:00:00">
      <Label>4 cylinder identification mode</Label>
      <Comments>20 - 4 cylinder identification mode</Comments>
    </Item>
    <Item ShortLabel="21" updated="2020-01-01T00:00:00">
      <Label>Coolant Temperature Sensor (CTS)</Label>
      <Comments>21 - Coolant Temperature Sensor (CTS)</Comments>
    </Item>
    <Item ShortLabel="22" updated="2020-01-01T00:00:00">
      <Label>Manifold Absolute Pressure (MAP) sensor</Label>
      <Comments>22 - Manifold Absolute Pressure (MAP) sensor</Comments>
    </Item>
    <Item ShortLabel="23" updated="2020-01-01T00:00:00">
      <Label>Throttle Pot Sensor (TPS)</Label>
      <Comments>23 - Throttle Pot Sensor (TPS)</Comments>
    </Item>
    <Item ShortLabel="24" updated="2020-01-01T00:00:00">
      <Label>Air Temperature Sensor (ATS)</Label>
      <Comments>24 - Air Temperature Sensor (ATS)</Comments>
    </Item>
    <Item ShortLabel="25" updated="2020-01-01T00:00:00">
      <Label>Knock sensor</Label>
      <Comments>25 - Knock sensor</Comments>
    </Item>
    <Item ShortLabel="26" updated="2020-01-01T00:00:00">
      <Label>Idle speed stepper motor</Label>
      <Comments>26 - Idle speed stepper motor</Comments>
    </Item>
    <Item ShortLabel="27" updated="2020-01-01T00:00:00">
      <Label>Cruise control (CNTL) delayed</Label>
      <Comments>27 - Cruise control (CNTL) delayed</Comments>
    </Item>
    <Item ShortLabel="28" updated="2020-01-01T00:00:00">
      <Label>Cruise control (CNTL) too advanced</Label>
      <Comments>28 - Cruise control (CNTL) too advanced</Comments>
    </Item>
    <Item ShortLabel="29" updated="2020-01-01T00:00:00">
      <Label>Vehicle Speed Sensor (VSS)</Label>
      <Comments>29 - Vehicle Speed Sensor (VSS)</Comments>
    </Item>
    <Item ShortLabel="31" updated="2020-01-01T00:00:00">
      <Label>Electronic Pressure Transducer (EPT), voltage too low</Label>
      <Comments>31 - Electronic Pressure Transducer (EPT), voltage too low</Comments>
    </Item>
    <Item ShortLabel="32" updated="2020-01-01T00:00:00">
      <Label>Electronic Pressure Transducer (EPT), outside specification</Label>
      <Comments>32 - Electronic Pressure Transducer (EPT), outside specification</Comments>
    </Item>
    <Item ShortLabel="33" updated="2020-01-01T00:00:00">
      <Label>No Exhaust Gas Recirculation (EGR)</Label>
      <Comments>33 - No Exhaust Gas Recirculation (EGR)</Comments>
    </Item>
    <Item ShortLabel="34" updated="2020-01-01T00:00:00">
      <Label>Electronic Pressure Transducer (EPT), outside specification</Label>
      <Comments>34 - Electronic Pressure Transducer (EPT), outside specification</Comments>
    </Item>
    <Item ShortLabel="35" updated="2020-01-01T00:00:00">
      <Label>Electronic Pressure Transducer (EPT), voltage too high</Label>
      <Comments>35 - Electronic Pressure Transducer (EPT), voltage too high</Comments>
    </Item>
    <Item ShortLabel="36" updated="2020-01-01T00:00:00">
      <Label>No increase in rpm</Label>
      <Comments>36 - No increase in rpm</Comments>
    </Item>
    <Item ShortLabel="37" updated="2020-01-01T00:00:00">
      <Label>Decrease in rpm</Label>
      <Comments>37 - Decrease in rpm</Comments>
    </Item>
    <Item ShortLabel="38" updated="2020-01-01T00:00:00">
      <Label>1.8 CVH CPI: Idle speed stepper motor</Label>
      <Comments>38 - 1.8 CVH CPI: Idle speed stepper motor</Comments>
    </Item>
    <Item ShortLabel="39" updated="2020-01-01T00:00:00">
      <Label>Automatic transmission Lock-Up Clutch Solenoid (LU5)</Label>
      <Comments>39 - Automatic transmission Lock-Up Clutch Solenoid (LU5)</Comments>
    </Item>
    <Item ShortLabel="41" updated="2020-01-01T00:00:00">
      <Label>Heated exhaust gas oxygen sensor 1 (cylinder 1-3), lean mixture</Label>
      <Comments>41 - Heated exhaust gas oxygen sensor 1 (cylinder 1-3), lean mixture</Comments>
    </Item>
    <Item ShortLabel="42" updated="2020-01-01T00:00:00">
      <Label>Heated exhaust gas oxygen sensor 1 (cylinders 1-3) rich mixture</Label>
      <Comments>42 - Heated exhaust gas oxygen sensor 1 (cylinders 1-3) rich mixture</Comments>
    </Item>
    <Item ShortLabel="43" updated="2020-01-01T00:00:00">
      <Label>Idle speed stepper motor</Label>
      <Comments>43 - Idle speed stepper motor</Comments>
    </Item>
    <Item ShortLabel="44" updated="2020-01-01T00:00:00">
      <Label>TPS, no change when idle speed DC motor extends</Label>
      <Comments>44 - TPS, no change when idle speed DC motor extends</Comments>
    </Item>
    <Item ShortLabel="45" updated="2020-01-01T00:00:00">
      <Label>Idle Tracking Switch (ITS)</Label>
      <Comments>45 - Idle Tracking Switch (ITS)</Comments>
    </Item>
    <Item ShortLabel="46" updated="2020-01-01T00:00:00">
      <Label>Thermactor, no air in self-test</Label>
      <Comments>46 - Thermactor, no air in self-test</Comments>
    </Item>
    <Item ShortLabel="47" updated="2020-01-01T00:00:00">
      <Label>Cruise control switch circuit</Label>
      <Comments>47 - Cruise control switch circuit</Comments>
    </Item>
    <Item ShortLabel="48" updated="2020-01-01T00:00:00">
      <Label>Cruise control switch sticking</Label>
      <Comments>48 - Cruise control switch sticking</Comments>
    </Item>
    <Item ShortLabel="49" updated="2020-01-01T00:00:00">
      <Label>Cruise control siqnal</Label>
      <Comments>49 - Cruise control siqnal</Comments>
    </Item>
    <Item ShortLabel="51" updated="2020-01-01T00:00:00">
      <Label>Coolant temperature sensor, voltaqe too high</Label>
      <Comments>51 - Coolant temperature sensor, voltaqe too high</Comments>
    </Item>
    <Item ShortLabel="52" updated="2020-01-01T00:00:00">
      <Label>Power steering pressure switch not activated during self-test</Label>
      <Comments>52 - Power steering pressure switch not activated during self-test</Comments>
    </Item>
    <Item ShortLabel="53" updated="2020-01-01T00:00:00">
      <Label>Throttle Pot Sensor (TPS), voltage too high</Label>
      <Comments>53 - Throttle Pot Sensor (TPS), voltage too high</Comments>
    </Item>
    <Item ShortLabel="54" updated="2020-01-01T00:00:00">
      <Label>Air temperature sensor, voltage too high</Label>
      <Comments>54 - Air temperature sensor, voltage too high</Comments>
    </Item>
    <Item ShortLabel="55" updated="2020-01-01T00:00:00">
      <Label>Key power circuit low</Label>
      <Comments>55 - Key power circuit low</Comments>
    </Item>
    <Item ShortLabel="56" updated="2020-01-01T00:00:00">
      <Label>VAF circuit above max. voltage</Label>
      <Comments>56 - VAF circuit above max. voltage</Comments>
    </Item>
    <Item ShortLabel="57" updated="2020-01-01T00:00:00">
      <Label>Octane Adjust (QA) grounded</Label>
      <Comments>57 - Octane Adjust (QA) grounded</Comments>
    </Item>
    <Item ShortLabel="58" updated="2020-01-01T00:00:00">
      <Label>Service injection delayed</Label>
      <Comments>58 - Service injection delayed</Comments>
    </Item>
    <Item ShortLabel="59" updated="2020-01-01T00:00:00">
      <Label>Idle adjust grounded</Label>
      <Comments>59 - Idle adjust grounded</Comments>
    </Item>
    <Item ShortLabel="61" updated="2020-01-01T00:00:00">
      <Label>Coolant temperature sensor, voltage too low</Label>
      <Comments>61 - Coolant temperature sensor, voltage too low</Comments>
    </Item>
    <Item ShortLabel="62" updated="2020-01-01T00:00:00">
      <Label>Shift solenoid for 4th/3rd gear closed</Label>
      <Comments>62 - Shift solenoid for 4th/3rd gear closed</Comments>
    </Item>
    <Item ShortLabel="63" updated="2020-01-01T00:00:00">
      <Label>Throttle pot sensor, voltage too low</Label>
      <Comments>63 - Throttle pot sensor, voltage too low</Comments>
    </Item>
    <Item ShortLabel="64" updated="2020-01-01T00:00:00">
      <Label>Air temperature sensor, voltage too low</Label>
      <Comments>64 - Air temperature sensor, voltage too low</Comments>
    </Item>
    <Item ShortLabel="65" updated="2020-01-01T00:00:00">
      <Label>Key power circuit low</Label>
      <Comments>65 - Key power circuit low</Comments>
    </Item>
    <Item ShortLabel="66" updated="2020-01-01T00:00:00">
      <Label>VAF sensor, input voltage low</Label>
      <Comments>66 - VAF sensor, input voltage low</Comments>
    </Item>
    <Item ShortLabel="67" updated="2020-01-01T00:00:00">
      <Label>A/C switched on or automatic transmission in "D"</Label>
      <Comments>67 - A/C switched on or automatic transmission in "D"</Comments>
    </Item>
    <Item ShortLabel="68" updated="2020-01-01T00:00:00">
      <Label>Idle speed stepper motor</Label>
      <Comments>68 - Idle speed stepper motor</Comments>
    </Item>
    <Item ShortLabel="71" updated="2020-01-01T00:00:00">
      <Label>Idle speed stepper motor</Label>
      <Comments>71 - Idle speed stepper motor</Comments>
    </Item>
    <Item ShortLabel="72" updated="2020-01-01T00:00:00">
      <Label>Manifold Absolute Pressure (MAP) sensor</Label>
      <Comments>72 - Manifold Absolute Pressure (MAP) sensor</Comments>
    </Item>
    <Item ShortLabel="73" updated="2020-01-01T00:00:00">
      <Label>Throttle Pot Sensor (TPS), no TPS change while depressing throttle during self-test</Label>
      <Comments>73 - Throttle Pot Sensor (TPS), no TPS change while depressing throttle during self-test</Comments>
    </Item>
    <Item ShortLabel="74" updated="2020-01-01T00:00:00">
      <Label>Brake light switch, open-circuit</Label>
      <Comments>74 - Brake light switch, open-circuit</Comments>
    </Item>
    <Item ShortLabel="75" updated="2020-01-01T00:00:00">
      <Label>Brake light switch, short-circuit</Label>
      <Comments>75 - Brake light switch, short-circuit</Comments>
    </Item>
    <Item ShortLabel="76" updated="2020-01-01T00:00:00">
      <Label>Insufficient VAF change during dynamic response test</Label>
      <Comments>76 - Insufficient VAF change during dynamic response test</Comments>
    </Item>
    <Item ShortLabel="77" updated="2020-01-01T00:00:00">
      <Label>Blip throttle not operate or operated too late</Label>
      <Comments>77 - Blip throttle not operate or operated too late</Comments>
    </Item>
    <Item ShortLabel="81" updated="2020-01-01T00:00:00">
      <Label>Manifold Absolute Pressure (MAP) sensor (Transit V6)</Label>
      <Comments>81 - Manifold Absolute Pressure (MAP) sensor (Transit V6)</Comments>
    </Item>
    <Item ShortLabel="82" updated="2020-01-01T00:00:00">
      <Label>Secondary air feed valve circuit</Label>
      <Comments>82 - Secondary air feed valve circuit</Comments>
    </Item>
    <Item ShortLabel="83" updated="2020-01-01T00:00:00">
      <Label>Heavy duty fan switch</Label>
      <Comments>83 - Heavy duty fan switch</Comments>
    </Item>
    <Item ShortLabel="84" updated="2020-01-01T00:00:00">
      <Label>Electronic vacuum regulator in exhaust gas recirculation system</Label>
      <Comments>84 - Electronic vacuum regulator in exhaust gas recirculation system</Comments>
    </Item>
    <Item ShortLabel="85" updated="2020-01-01T00:00:00">
      <Label>Carbon filter solenoid</Label>
      <Comments>85 - Carbon filter solenoid</Comments>
    </Item>
    <Item ShortLabel="87" updated="2020-01-01T00:00:00">
      <Label>Electrical fuel pump</Label>
      <Comments>87 - Electrical fuel pump</Comments>
    </Item>
    <Item ShortLabel="88" updated="2020-01-01T00:00:00">
      <Label>Electronic cooling fan</Label>
      <Comments>88 - Electronic cooling fan</Comments>
    </Item>
    <Item ShortLabel="89" updated="2020-01-01T00:00:00">
      <Label>Torgue converter Lock-Up Clutch Solenoid (LUS)</Label>
      <Comments>89 - Torgue converter Lock-Up Clutch Solenoid (LUS)</Comments>
    </Item>
    <Item ShortLabel="91" updated="2020-01-01T00:00:00">
      <Label>Heated exhaust gas oxygen sensor 2 (cylinders 4 to 6), lean mixture</Label>
      <Comments>91 - Heated exhaust gas oxygen sensor 2 (cylinders 4 to 6), lean mixture</Comments>
    </Item>
    <Item ShortLabel="92" updated="2020-01-01T00:00:00">
      <Label>Heated exhaust gas oxygen sensor 2 (cylinders 4 to 6), rich mixture</Label>
      <Comments>92 - Heated exhaust gas oxygen sensor 2 (cylinders 4 to 6), rich mixture</Comments>
    </Item>
    <Item ShortLabel="93" updated="2020-01-01T00:00:00">
      <Label>Idle speed stepper motor</Label>
      <Comments>93 - Idle speed stepper motor</Comments>
    </Item>
    <Item ShortLabel="95" updated="2020-01-01T00:00:00">
      <Label>Indication of malfunction for MAP, TPS, ACT, ECT sensors</Label>
      <Comments>95 - Indication of malfunction for MAP, TPS, ACT, ECT sensors</Comments>
    </Item>
    <Item ShortLabel="96" updated="2020-01-01T00:00:00">
      <Label>Indication of malfunction for MAP, TPS, ACT, ECT sensors</Label>
      <Comments>96 - Indication of malfunction for MAP, TPS, ACT, ECT sensors</Comments>
    </Item>
    <Item ShortLabel="98" updated="2020-01-01T00:00:00">
      <Label>Indication of malfunction for MAP, TPS, ACT, ECT sensors</Label>
      <Comments>98 - Indication of malfunction for MAP, TPS, ACT, ECT sensors</Comments>
    </Item>
    <Item ShortLabel="99" updated="2020-01-01T00:00:00">
      <Label>Throttle Pot Sensor (TPS)</Label>
      <Comments>99 - Throttle Pot Sensor (TPS)</Comments>
    </Item>
    <Item ShortLabel="111" updated="2020-01-01T00:00:00">
      <Label>All systems ok</Label>
      <Comments>111 - All systems ok</Comments>
    </Item>
    <Item ShortLabel="112" updated="2020-01-01T00:00:00">
      <Label>Air temperature sensor: Low voltage, high voltage and outside range</Label>
      <Comments>112 - Air temperature sensor: Low voltage, high voltage and outside range</Comments>
    </Item>
    <Item ShortLabel="113" updated="2020-01-01T00:00:00">
      <Label>Air temperature sensor: Low voltage, high voltage and outside range</Label>
      <Comments>113 - Air temperature sensor: Low voltage, high voltage and outside range</Comments>
    </Item>
    <Item ShortLabel="114" updated="2020-01-01T00:00:00">
      <Label>Air temperature sensor: Low voltage, high voltage and outside range</Label>
      <Comments>114 - Air temperature sensor: Low voltage, high voltage and outside range</Comments>
    </Item>
    <Item ShortLabel="116" updated="2020-01-01T00:00:00">
      <Label>Coolant temperature sensor: Outside range, low voltage and high voltage</Label>
      <Comments>116 - Coolant temperature sensor: Outside range, low voltage and high voltage</Comments>
    </Item>
    <Item ShortLabel="117" updated="2020-01-01T00:00:00">
      <Label>Coolant temperature sensor: Outside range, low voltage and high voltage</Label>
      <Comments>117 - Coolant temperature sensor: Outside range, low voltage and high voltage</Comments>
    </Item>
    <Item ShortLabel="118" updated="2020-01-01T00:00:00">
      <Label>Coolant temperature sensor: Outside range, low voltage and high voltage</Label>
      <Comments>118 - Coolant temperature sensor: Outside range, low voltage and high voltage</Comments>
    </Item>
    <Item ShortLabel="121" updated="2020-01-01T00:00:00">
      <Label>Throttle pot sensor: Outside range, low voltage, high voltage, above and below spec.</Label>
      <Comments>121 - Throttle pot sensor: Outside range, low voltage, high voltage, above and below spec.</Comments>
    </Item>
    <Item ShortLabel="122" updated="2020-01-01T00:00:00">
      <Label>Throttle pot sensor: Outside range, low voltage, high voltage, above and below spec.</Label>
      <Comments>122 - Throttle pot sensor: Outside range, low voltage, high voltage, above and below spec.</Comments>
    </Item>
    <Item ShortLabel="123" updated="2020-01-01T00:00:00">
      <Label>Throttle pot sensor: Outside range, low voltage, high voltage, above and below spec.</Label>
      <Comments>123 - Throttle pot sensor: Outside range, low voltage, high voltage, above and below spec.</Comments>
    </Item>
    <Item ShortLabel="124" updated="2020-01-01T00:00:00">
      <Label>Throttle pot sensor: Outside range, low voltage, high voltage, above and below spec.</Label>
      <Comments>124 - Throttle pot sensor: Outside range, low voltage, high voltage, above and below spec.</Comments>
    </Item>
    <Item ShortLabel="125" updated="2020-01-01T00:00:00">
      <Label>Throttle pot sensor: Outside range, low voltage, high voltage, above and below spec.</Label>
      <Comments>125 - Throttle pot sensor: Outside range, low voltage, high voltage, above and below spec.</Comments>
    </Item>
    <Item ShortLabel="126" updated="2020-01-01T00:00:00">
      <Label>MAP voltage above specification</Label>
      <Comments>126 - MAP voltage above specification</Comments>
    </Item>
    <Item ShortLabel="128" updated="2020-01-01T00:00:00">
      <Label>MAP sensor/vacuum hose fault</Label>
      <Comments>128 - MAP sensor/vacuum hose fault</Comments>
    </Item>
    <Item ShortLabel="129" updated="2020-01-01T00:00:00">
      <Label>MAP sensor, no MAF change during throttle depression</Label>
      <Comments>129 - MAP sensor, no MAF change during throttle depression</Comments>
    </Item>
    <Item ShortLabel="136" updated="2020-01-01T00:00:00">
      <Label>Oxygen sensor: Too high or lean mixture</Label>
      <Comments>136 - Oxygen sensor: Too high or lean mixture</Comments>
    </Item>
    <Item ShortLabel="137" updated="2020-01-01T00:00:00">
      <Label>Oxygen sensor: Too high or lean mixture</Label>
      <Comments>137 - Oxygen sensor: Too high or lean mixture</Comments>
    </Item>
    <Item ShortLabel="139" updated="2020-01-01T00:00:00">
      <Label>Oxygen sensor: Too high or lean mixture</Label>
      <Comments>139 - Oxygen sensor: Too high or lean mixture</Comments>
    </Item>
    <Item ShortLabel="144" updated="2020-01-01T00:00:00">
      <Label>Oxygen sensor: Too high or lean mixture</Label>
      <Comments>144 - Oxygen sensor: Too high or lean mixture</Comments>
    </Item>
    <Item ShortLabel="157" updated="2020-01-01T00:00:00">
      <Label>Mass Airflow (MAF) sensor: Low voltage, high voltage and outside range</Label>
      <Comments>157 - Mass Airflow (MAF) sensor: Low voltage, high voltage and outside range</Comments>
    </Item>
    <Item ShortLabel="158" updated="2020-01-01T00:00:00">
      <Label>Mass Airflow (MAF) sensor: Low voltage, high voltage and outside range</Label>
      <Comments>158 - Mass Airflow (MAF) sensor: Low voltage, high voltage and outside range</Comments>
    </Item>
    <Item ShortLabel="159" updated="2020-01-01T00:00:00">
      <Label>Mass Airflow (MAF) sensor: Low voltage, high voltage and outside range</Label>
      <Comments>159 - Mass Airflow (MAF) sensor: Low voltage, high voltage and outside range</Comments>
    </Item>
    <Item ShortLabel="167" updated="2020-01-01T00:00:00">
      <Label>Throttle Position Sensor (TPS), no change in TPS while depressing throttle during self-test</Label>
      <Comments>167 - Throttle Position Sensor (TPS), no change in TPS while depressing throttle during self-test</Comments>
    </Item>
    <Item ShortLabel="171" updated="2020-01-01T00:00:00">
      <Label>Oxygen sensor (right)</Label>
      <Comments>171 - Oxygen sensor (right)</Comments>
    </Item>
    <Item ShortLabel="172" updated="2020-01-01T00:00:00">
      <Label>Oxvqen sensor (right) too lean</Label>
      <Comments>172 - Oxvqen sensor (right) too lean</Comments>
    </Item>
    <Item ShortLabel="173" updated="2020-01-01T00:00:00">
      <Label>Oxygen sensor (right) too rich</Label>
      <Comments>173 - Oxygen sensor (right) too rich</Comments>
    </Item>
    <Item ShortLabel="174" updated="2020-01-01T00:00:00">
      <Label>Oxygen sensor (right) slow response</Label>
      <Comments>174 - Oxygen sensor (right) slow response</Comments>
    </Item>
    <Item ShortLabel="175" updated="2020-01-01T00:00:00">
      <Label>Oxvqen sensor (left)</Label>
      <Comments>175 - Oxvqen sensor (left)</Comments>
    </Item>
    <Item ShortLabel="176" updated="2020-01-01T00:00:00">
      <Label>Oxygen sensor (left) too lean</Label>
      <Comments>176 - Oxygen sensor (left) too lean</Comments>
    </Item>
    <Item ShortLabel="177" updated="2020-01-01T00:00:00">
      <Label>Oxygen sensor (left) too rich</Label>
      <Comments>177 - Oxygen sensor (left) too rich</Comments>
    </Item>
    <Item ShortLabel="178" updated="2020-01-01T00:00:00">
      <Label>Oxvqen sensor (left) slow response</Label>
      <Comments>178 - Oxvqen sensor (left) slow response</Comments>
    </Item>
    <Item ShortLabel="179" updated="2020-01-01T00:00:00">
      <Label>Fuel system: mixture too lean</Label>
      <Comments>179 - Fuel system: mixture too lean</Comments>
    </Item>
    <Item ShortLabel="181" updated="2020-01-01T00:00:00">
      <Label>Fuel system: mixture too rich</Label>
      <Comments>181 - Fuel system: mixture too rich</Comments>
    </Item>
    <Item ShortLabel="182" updated="2020-01-01T00:00:00">
      <Label>Idle mixture too lean</Label>
      <Comments>182 - Idle mixture too lean</Comments>
    </Item>
    <Item ShortLabel="183" updated="2020-01-01T00:00:00">
      <Label>Idle mixture too rich</Label>
      <Comments>183 - Idle mixture too rich</Comments>
    </Item>
    <Item ShortLabel="184" updated="2020-01-01T00:00:00">
      <Label>Mass Airflow (MAF) sensor: Above specification, below specification</Label>
      <Comments>184 - Mass Airflow (MAF) sensor: Above specification, below specification</Comments>
    </Item>
    <Item ShortLabel="185" updated="2020-01-01T00:00:00">
      <Label>Mass Airflow (MAF) sensor: Above specification, below specification</Label>
      <Comments>185 - Mass Airflow (MAF) sensor: Above specification, below specification</Comments>
    </Item>
    <Item ShortLabel="186" updated="2020-01-01T00:00:00">
      <Label>Injector opening time: Too long</Label>
      <Comments>186 - Injector opening time: Too long</Comments>
    </Item>
    <Item ShortLabel="187" updated="2020-01-01T00:00:00">
      <Label>Injector opening time: Too short</Label>
      <Comments>187 - Injector opening time: Too short</Comments>
    </Item>
    <Item ShortLabel="188" updated="2020-01-01T00:00:00">
      <Label>Oxygen sensor: voltage too low</Label>
      <Comments>188 - Oxygen sensor: voltage too low</Comments>
    </Item>
    <Item ShortLabel="189" updated="2020-01-01T00:00:00">
      <Label>Oxygen sensor: voltage too high</Label>
      <Comments>189 - Oxygen sensor: voltage too high</Comments>
    </Item>
    <Item ShortLabel="191" updated="2020-01-01T00:00:00">
      <Label>Idle mixture too lean</Label>
      <Comments>191 - Idle mixture too lean</Comments>
    </Item>
    <Item ShortLabel="192" updated="2020-01-01T00:00:00">
      <Label>Idle mixture too rich</Label>
      <Comments>192 - Idle mixture too rich</Comments>
    </Item>
    <Item ShortLabel="193" updated="2020-01-01T00:00:00">
      <Label>Flexible fuel sensor circuit</Label>
      <Comments>193 - Flexible fuel sensor circuit</Comments>
    </Item>
    <Item ShortLabel="194" updated="2020-01-01T00:00:00">
      <Label>Oxygen sensor</Label>
      <Comments>194 - Oxygen sensor</Comments>
    </Item>
    <Item ShortLabel="195" updated="2020-01-01T00:00:00">
      <Label>Oxygen sensor</Label>
      <Comments>195 - Oxygen sensor</Comments>
    </Item>
    <Item ShortLabel="211" updated="2020-01-01T00:00:00">
      <Label>Profile ignition pick-up signal</Label>
      <Comments>211 - Profile ignition pick-up signal</Comments>
    </Item>
    <Item ShortLabel="212" updated="2020-01-01T00:00:00">
      <Label>Tachometer circuit</Label>
      <Comments>212 - Tachometer circuit</Comments>
    </Item>
    <Item ShortLabel="213" updated="2020-01-01T00:00:00">
      <Label>Spark advance word circuit</Label>
      <Comments>213 - Spark advance word circuit</Comments>
    </Item>
    <Item ShortLabel="214" updated="2020-01-01T00:00:00">
      <Label>Cylinder identification sensor</Label>
      <Comments>214 - Cylinder identification sensor</Comments>
    </Item>
    <Item ShortLabel="215" updated="2020-01-01T00:00:00">
      <Label>Electronic Distributorless Ignition System (EDIS) coil #1</Label>
      <Comments>215 - Electronic Distributorless Ignition System (EDIS) coil #1</Comments>
    </Item>
    <Item ShortLabel="216" updated="2020-01-01T00:00:00">
      <Label>Electronic Distributorless Ignition System (EDIS) coil #2</Label>
      <Comments>216 - Electronic Distributorless Ignition System (EDIS) coil #2</Comments>
    </Item>
    <Item ShortLabel="217" updated="2020-01-01T00:00:00">
      <Label>Electronic Distributorless Ignition System (EDIS) coil #3</Label>
      <Comments>217 - Electronic Distributorless Ignition System (EDIS) coil #3</Comments>
    </Item>
    <Item ShortLabel="218" updated="2020-01-01T00:00:00">
      <Label>Tachometer circuit</Label>
      <Comments>218 - Tachometer circuit</Comments>
    </Item>
    <Item ShortLabel="220" updated="2020-01-01T00:00:00">
      <Label>Tachometer circuit</Label>
      <Comments>220 - Tachometer circuit</Comments>
    </Item>
    <Item ShortLabel="222" updated="2020-01-01T00:00:00">
      <Label>Tachometer circuit</Label>
      <Comments>222 - Tachometer circuit</Comments>
    </Item>
    <Item ShortLabel="219" updated="2020-01-01T00:00:00">
      <Label>Spark timing default</Label>
      <Comments>219 - Spark timing default</Comments>
    </Item>
    <Item ShortLabel="221" updated="2020-01-01T00:00:00">
      <Label>Spark timing error</Label>
      <Comments>221 - Spark timing error</Comments>
    </Item>
    <Item ShortLabel="225" updated="2020-01-01T00:00:00">
      <Label>Knock sensor</Label>
      <Comments>225 - Knock sensor</Comments>
    </Item>
    <Item ShortLabel="226" updated="2020-01-01T00:00:00">
      <Label>EDIS module</Label>
      <Comments>226 - EDIS module</Comments>
    </Item>
    <Item ShortLabel="227" updated="2020-01-01T00:00:00">
      <Label>Crank angle sensor/engine speed sensor</Label>
      <Comments>227 - Crank angle sensor/engine speed sensor</Comments>
    </Item>
    <Item ShortLabel="228" updated="2020-01-01T00:00:00">
      <Label>Electronic Distributorless Ignition System (EDIS) coil #1</Label>
      <Comments>228 - Electronic Distributorless Ignition System (EDIS) coil #1</Comments>
    </Item>
    <Item ShortLabel="229" updated="2020-01-01T00:00:00">
      <Label>Electronic Distributorless Ignition System (EDIS) coil #2</Label>
      <Comments>229 - Electronic Distributorless Ignition System (EDIS) coil #2</Comments>
    </Item>
    <Item ShortLabel="231" updated="2020-01-01T00:00:00">
      <Label>Electronic Distributorless Ignition System (EDIS) coil #3</Label>
      <Comments>231 - Electronic Distributorless Ignition System (EDIS) coil #3</Comments>
    </Item>
    <Item ShortLabel="232" updated="2020-01-01T00:00:00">
      <Label>Primary circuit of ignition coil</Label>
      <Comments>232 - Primary circuit of ignition coil</Comments>
    </Item>
    <Item ShortLabel="233" updated="2020-01-01T00:00:00">
      <Label>EDIS module</Label>
      <Comments>233 - EDIS module</Comments>
    </Item>
    <Item ShortLabel="234" updated="2020-01-01T00:00:00">
      <Label>Ignition coil or circuit</Label>
      <Comments>234 - Ignition coil or circuit</Comments>
    </Item>
    <Item ShortLabel="235" updated="2020-01-01T00:00:00">
      <Label>Ignition coil or circuit</Label>
      <Comments>235 - Ignition coil or circuit</Comments>
    </Item>
    <Item ShortLabel="236" updated="2020-01-01T00:00:00">
      <Label>Ignition coil or circuit</Label>
      <Comments>236 - Ignition coil or circuit</Comments>
    </Item>
    <Item ShortLabel="237" updated="2020-01-01T00:00:00">
      <Label>Ignition coil or circuit</Label>
      <Comments>237 - Ignition coil or circuit</Comments>
    </Item>
    <Item ShortLabel="238" updated="2020-01-01T00:00:00">
      <Label>EDIS module or circuit</Label>
      <Comments>238 - EDIS module or circuit</Comments>
    </Item>
    <Item ShortLabel="239" updated="2020-01-01T00:00:00">
      <Label>Profile ignition pick-up signal under cranking</Label>
      <Comments>239 - Profile ignition pick-up signal under cranking</Comments>
    </Item>
    <Item ShortLabel="241" updated="2020-01-01T00:00:00">
      <Label>ECM: incorrect self-test data</Label>
      <Comments>241 - ECM: incorrect self-test data</Comments>
    </Item>
    <Item ShortLabel="243" updated="2020-01-01T00:00:00">
      <Label>Coil failure</Label>
      <Comments>243 - Coil failure</Comments>
    </Item>
    <Item ShortLabel="244" updated="2020-01-01T00:00:00">
      <Label>Cylinder identification fault when power balance reguested</Label>
      <Comments>244 - Cylinder identification fault when power balance reguested</Comments>
    </Item>
    <Item ShortLabel="311" updated="2020-01-01T00:00:00">
      <Label>Pulse air system: faulty</Label>
      <Comments>311 - Pulse air system: faulty</Comments>
    </Item>
    <Item ShortLabel="312" updated="2020-01-01T00:00:00">
      <Label>Pulse air system: faulty</Label>
      <Comments>312 - Pulse air system: faulty</Comments>
    </Item>
    <Item ShortLabel="313" updated="2020-01-01T00:00:00">
      <Label>Pulse air system: faulty</Label>
      <Comments>313 - Pulse air system: faulty</Comments>
    </Item>
    <Item ShortLabel="314" updated="2020-01-01T00:00:00">
      <Label>Pulse air system: faulty</Label>
      <Comments>314 - Pulse air system: faulty</Comments>
    </Item>
    <Item ShortLabel="315" updated="2020-01-01T00:00:00">
      <Label>Pulse air system: faulty</Label>
      <Comments>315 - Pulse air system: faulty</Comments>
    </Item>
    <Item ShortLabel="316" updated="2020-01-01T00:00:00">
      <Label>Pulse air system: faulty</Label>
      <Comments>316 - Pulse air system: faulty</Comments>
    </Item>
    <Item ShortLabel="326" updated="2020-01-01T00:00:00">
      <Label>Electronic pressure transducer/delta pressure feedback electronic system</Label>
      <Comments>326 - Electronic pressure transducer/delta pressure feedback electronic system</Comments>
    </Item>
    <Item ShortLabel="327" updated="2020-01-01T00:00:00">
      <Label>Electronic Pressure Transducer (EPT) Delta Pressure Feedback Electronic System (DPFE)</Label>
      <Comments>327 - Electronic Pressure Transducer (EPT) Delta Pressure Feedback Electronic System (DPFE)</Comments>
    </Item>
    <Item ShortLabel="328" updated="2020-01-01T00:00:00">
      <Label>Electronic vacuum regulator</Label>
      <Comments>328 - Electronic vacuum regulator</Comments>
    </Item>
    <Item ShortLabel="332" updated="2020-01-01T00:00:00">
      <Label>EGR valve not opening</Label>
      <Comments>332 - EGR valve not opening</Comments>
    </Item>
    <Item ShortLabel="334" updated="2020-01-01T00:00:00">
      <Label>Electronic vacuum regulator</Label>
      <Comments>334 - Electronic vacuum regulator</Comments>
    </Item>
    <Item ShortLabel="335" updated="2020-01-01T00:00:00">
      <Label>EPT/DPFE</Label>
      <Comments>335 - EPT/DPFE</Comments>
    </Item>
    <Item ShortLabel="336" updated="2020-01-01T00:00:00">
      <Label>Exhaust pressure too high</Label>
      <Comments>336 - Exhaust pressure too high</Comments>
    </Item>
    <Item ShortLabel="337" updated="2020-01-01T00:00:00">
      <Label>EPT/DPFE</Label>
      <Comments>337 - EPT/DPFE</Comments>
    </Item>
    <Item ShortLabel="338" updated="2020-01-01T00:00:00">
      <Label>Cooling temperature sensor</Label>
      <Comments>338 - Cooling temperature sensor</Comments>
    </Item>
    <Item ShortLabel="339" updated="2020-01-01T00:00:00">
      <Label>Cooling temperature sensor</Label>
      <Comments>339 - Cooling temperature sensor</Comments>
    </Item>
    <Item ShortLabel="341" updated="2020-01-01T00:00:00">
      <Label>Octane adjuster</Label>
      <Comments>341 - Octane adjuster</Comments>
    </Item>
    <Item ShortLabel="411" updated="2020-01-01T00:00:00">
      <Label>Engine speed during self-test: Too low</Label>
      <Comments>411 - Engine speed during self-test: Too low</Comments>
    </Item>
    <Item ShortLabel="412" updated="2020-01-01T00:00:00">
      <Label>Engine speed during self-test: Too high</Label>
      <Comments>412 - Engine speed during self-test: Too high</Comments>
    </Item>
    <Item ShortLabel="413" updated="2020-01-01T00:00:00">
      <Label>Idle speed control valve</Label>
      <Comments>413 - Idle speed control valve</Comments>
    </Item>
    <Item ShortLabel="414" updated="2020-01-01T00:00:00">
      <Label>Idle speed control valve</Label>
      <Comments>414 - Idle speed control valve</Comments>
    </Item>
    <Item ShortLabel="415" updated="2020-01-01T00:00:00">
      <Label>Idle speed control valve</Label>
      <Comments>415 - Idle speed control valve</Comments>
    </Item>
    <Item ShortLabel="416" updated="2020-01-01T00:00:00">
      <Label>Idle speed control valve</Label>
      <Comments>416 - Idle speed control valve</Comments>
    </Item>
    <Item ShortLabel="452" updated="2020-01-01T00:00:00">
      <Label>Vehicle Speed Sensor (VSS)</Label>
      <Comments>452 - Vehicle Speed Sensor (VSS)</Comments>
    </Item>
    <Item ShortLabel="453" updated="2020-01-01T00:00:00">
      <Label>Servo leaking down</Label>
      <Comments>453 - Servo leaking down</Comments>
    </Item>
    <Item ShortLabel="454" updated="2020-01-01T00:00:00">
      <Label>Servo leaking up</Label>
      <Comments>454 - Servo leaking up</Comments>
    </Item>
    <Item ShortLabel="455" updated="2020-01-01T00:00:00">
      <Label>Insufficient RPM increase</Label>
      <Comments>455 - Insufficient RPM increase</Comments>
    </Item>
    <Item ShortLabel="456" updated="2020-01-01T00:00:00">
      <Label>Insufficient RPM decrease</Label>
      <Comments>456 - Insufficient RPM decrease</Comments>
    </Item>
    <Item ShortLabel="457" updated="2020-01-01T00:00:00">
      <Label>Speed control fault</Label>
      <Comments>457 - Speed control fault</Comments>
    </Item>
    <Item ShortLabel="458" updated="2020-01-01T00:00:00">
      <Label>Speed control fault</Label>
      <Comments>458 - Speed control fault</Comments>
    </Item>
    <Item ShortLabel="459" updated="2020-01-01T00:00:00">
      <Label>Speed control fault</Label>
      <Comments>459 - Speed control fault</Comments>
    </Item>
    <Item ShortLabel="511" updated="2020-01-01T00:00:00">
      <Label>ROM fault</Label>
      <Comments>511 - ROM fault</Comments>
    </Item>
    <Item ShortLabel="512" updated="2020-01-01T00:00:00">
      <Label>KAM fault</Label>
      <Comments>512 - KAM fault</Comments>
    </Item>
    <Item ShortLabel="513" updated="2020-01-01T00:00:00">
      <Label>EMC reference voltage</Label>
      <Comments>513 - EMC reference voltage</Comments>
    </Item>
    <Item ShortLabel="519" updated="2020-01-01T00:00:00">
      <Label>Power steering pressure switch: Not activated during self-test</Label>
      <Comments>519 - Power steering pressure switch: Not activated during self-test</Comments>
    </Item>
    <Item ShortLabel="521" updated="2020-01-01T00:00:00">
      <Label>Power steering pressure switch: Not activated during self-test</Label>
      <Comments>521 - Power steering pressure switch: Not activated during self-test</Comments>
    </Item>
    <Item ShortLabel="522" updated="2020-01-01T00:00:00">
      <Label>Neutral/drive switch</Label>
      <Comments>522 - Neutral/drive switch</Comments>
    </Item>
    <Item ShortLabel="525" updated="2020-01-01T00:00:00">
      <Label>Vehicle in gear or A/C on</Label>
      <Comments>525 - Vehicle in gear or A/C on</Comments>
    </Item>
    <Item ShortLabel="528" updated="2020-01-01T00:00:00">
      <Label>Clutch switch error</Label>
      <Comments>528 - Clutch switch error</Comments>
    </Item>
    <Item ShortLabel="536" updated="2020-01-01T00:00:00">
      <Label>Brake on/off switch: Not activated during self-test</Label>
      <Comments>536 - Brake on/off switch: Not activated during self-test</Comments>
    </Item>
    <Item ShortLabel="538" updated="2020-01-01T00:00:00">
      <Label>Operating error during self-test</Label>
      <Comments>538 - Operating error during self-test</Comments>
    </Item>
    <Item ShortLabel="539" updated="2020-01-01T00:00:00">
      <Label>Air Conditioning (A/C) switched on during self-test</Label>
      <Comments>539 - Air Conditioning (A/C) switched on during self-test</Comments>
    </Item>
    <Item ShortLabel="542" updated="2020-01-01T00:00:00">
      <Label>Fuel pump circuit failure</Label>
      <Comments>542 - Fuel pump circuit failure</Comments>
    </Item>
    <Item ShortLabel="543" updated="2020-01-01T00:00:00">
      <Label>Fuel pump circuit failure</Label>
      <Comments>543 - Fuel pump circuit failure</Comments>
    </Item>
    <Item ShortLabel="551" updated="2020-01-01T00:00:00">
      <Label>Idle Speed Control (ISC) Circuit: Failure</Label>
      <Comments>551 - Idle Speed Control (ISC) Circuit: Failure</Comments>
    </Item>
    <Item ShortLabel="552" updated="2020-01-01T00:00:00">
      <Label>Pulse air circuit: Failure</Label>
      <Comments>552 - Pulse air circuit: Failure</Comments>
    </Item>
    <Item ShortLabel="554" updated="2020-01-01T00:00:00">
      <Label>Fuel pressure regulator control circuit: Failure</Label>
      <Comments>554 - Fuel pressure regulator control circuit: Failure</Comments>
    </Item>
    <Item ShortLabel="556" updated="2020-01-01T00:00:00">
      <Label>Fuel pump circuit</Label>
      <Comments>556 - Fuel pump circuit</Comments>
    </Item>
    <Item ShortLabel="557" updated="2020-01-01T00:00:00">
      <Label>Fuel pump circuit: low speed</Label>
      <Comments>557 - Fuel pump circuit: low speed</Comments>
    </Item>
    <Item ShortLabel="558" updated="2020-01-01T00:00:00">
      <Label>Electronic vacuum regulator circuit</Label>
      <Comments>558 - Electronic vacuum regulator circuit</Comments>
    </Item>
    <Item ShortLabel="563" updated="2020-01-01T00:00:00">
      <Label>High speed electric-drive fan relay/circuit</Label>
      <Comments>563 - High speed electric-drive fan relay/circuit</Comments>
    </Item>
    <Item ShortLabel="564" updated="2020-01-01T00:00:00">
      <Label>Electronic-drive fan relay/circuit: Failure</Label>
      <Comments>564 - Electronic-drive fan relay/circuit: Failure</Comments>
    </Item>
    <Item ShortLabel="565" updated="2020-01-01T00:00:00">
      <Label>Carbon filter solenoid valve</Label>
      <Comments>565 - Carbon filter solenoid valve</Comments>
    </Item>
    <Item ShortLabel="566" updated="2020-01-01T00:00:00">
      <Label>3rd/4th gear solenoid A/T</Label>
      <Comments>566 - 3rd/4th gear solenoid A/T</Comments>
    </Item>
    <Item ShortLabel="573" updated="2020-01-01T00:00:00">
      <Label>Electronic-drive fan relay/circuit: Failure</Label>
      <Comments>573 - Electronic-drive fan relay/circuit: Failure</Comments>
    </Item>
    <Item ShortLabel="574" updated="2020-01-01T00:00:00">
      <Label>High speed electronic-drive fan relay/circuit</Label>
      <Comments>574 - High speed electronic-drive fan relay/circuit</Comments>
    </Item>
    <Item ShortLabel="575" updated="2020-01-01T00:00:00">
      <Label>Fuel pump circuit/inertia switch circuit</Label>
      <Comments>575 - Fuel pump circuit/inertia switch circuit</Comments>
    </Item>
    <Item ShortLabel="576" updated="2020-01-01T00:00:00">
      <Label>Kick-down switch</Label>
      <Comments>576 - Kick-down switch</Comments>
    </Item>
    <Item ShortLabel="577" updated="2020-01-01T00:00:00">
      <Label>Kick-down switch: not activated during self-test</Label>
      <Comments>577 - Kick-down switch: not activated during self-test</Comments>
    </Item>
    <Item ShortLabel="583" updated="2020-01-01T00:00:00">
      <Label>Power to fuel pump fault</Label>
      <Comments>583 - Power to fuel pump fault</Comments>
    </Item>
    <Item ShortLabel="612" updated="2020-01-01T00:00:00">
      <Label>4/3 Switch: Failed open-circuit</Label>
      <Comments>612 - 4/3 Switch: Failed open-circuit</Comments>
    </Item>
    <Item ShortLabel="613" updated="2020-01-01T00:00:00">
      <Label>4/3 Circuit: Failed open-circuit</Label>
      <Comments>613 - 4/3 Circuit: Failed open-circuit</Comments>
    </Item>
    <Item ShortLabel="614" updated="2020-01-01T00:00:00">
      <Label>3/2 Circuit: Failed short-circuit</Label>
      <Comments>614 - 3/2 Circuit: Failed short-circuit</Comments>
    </Item>
    <Item ShortLabel="615" updated="2020-01-01T00:00:00">
      <Label>3/2 Circuit: Failed short-circuit</Label>
      <Comments>615 - 3/2 Circuit: Failed short-circuit</Comments>
    </Item>
    <Item ShortLabel="621" updated="2020-01-01T00:00:00">
      <Label>Shift solenoid 1 circuit: Failed</Label>
      <Comments>621 - Shift solenoid 1 circuit: Failed</Comments>
    </Item>
    <Item ShortLabel="622" updated="2020-01-01T00:00:00">
      <Label>Shift solenoid 2 circuit: Failed</Label>
      <Comments>622 - Shift solenoid 2 circuit: Failed</Comments>
    </Item>
    <Item ShortLabel="624" updated="2020-01-01T00:00:00">
      <Label>EPC solenoid circuit: Failed</Label>
      <Comments>624 - EPC solenoid circuit: Failed</Comments>
    </Item>
    <Item ShortLabel="625" updated="2020-01-01T00:00:00">
      <Label>EPC solenoid circuit: Failed</Label>
      <Comments>625 - EPC solenoid circuit: Failed</Comments>
    </Item>
    <Item ShortLabel="628" updated="2020-01-01T00:00:00">
      <Label>Lock-up solenoid, A/T: Failed</Label>
      <Comments>628 - Lock-up solenoid, A/T: Failed</Comments>
    </Item>
    <Item ShortLabel="629" updated="2020-01-01T00:00:00">
      <Label>Torque converter lock-up clutch solenoid</Label>
      <Comments>629 - Torque converter lock-up clutch solenoid</Comments>
    </Item>
    <Item ShortLabel="634" updated="2020-01-01T00:00:00">
      <Label>Neutral/drive switch circuit: Failed</Label>
      <Comments>634 - Neutral/drive switch circuit: Failed</Comments>
    </Item>
    <Item ShortLabel="635" updated="2020-01-01T00:00:00">
      <Label>Transmission temperature switch: Failed</Label>
      <Comments>635 - Transmission temperature switch: Failed</Comments>
    </Item>
    <Item ShortLabel="636" updated="2020-01-01T00:00:00">
      <Label>Transmission temperature switch: Failed</Label>
      <Comments>636 - Transmission temperature switch: Failed</Comments>
    </Item>
    <Item ShortLabel="637" updated="2020-01-01T00:00:00">
      <Label>Transmission temperature switch: Failed</Label>
      <Comments>637 - Transmission temperature switch: Failed</Comments>
    </Item>
    <Item ShortLabel="639" updated="2020-01-01T00:00:00">
      <Label>TSS failure</Label>
      <Comments>639 - TSS failure</Comments>
    </Item>
    <Item ShortLabel="645" updated="2020-01-01T00:00:00">
      <Label>1st Gear failure</Label>
      <Comments>645 - 1st Gear failure</Comments>
    </Item>
    <Item ShortLabel="646" updated="2020-01-01T00:00:00">
      <Label>2nd Gear failure</Label>
      <Comments>646 - 2nd Gear failure</Comments>
    </Item>
    <Item ShortLabel="647" updated="2020-01-01T00:00:00">
      <Label>3rd Gear failure</Label>
      <Comments>647 - 3rd Gear failure</Comments>
    </Item>
    <Item ShortLabel="648" updated="2020-01-01T00:00:00">
      <Label>4th Gear failure</Label>
      <Comments>648 - 4th Gear failure</Comments>
    </Item>
    <Item ShortLabel="649" updated="2020-01-01T00:00:00">
      <Label>ETV failure</Label>
      <Comments>649 - ETV failure</Comments>
    </Item>
    <Item ShortLabel="651" updated="2020-01-01T00:00:00">
      <Label>ETV intermittent failure</Label>
      <Comments>651 - ETV intermittent failure</Comments>
    </Item>
    <Item ShortLabel="652" updated="2020-01-01T00:00:00">
      <Label>Lock-up solenoid-A/T circuit failure</Label>
      <Comments>652 - Lock-up solenoid-A/T circuit failure</Comments>
    </Item>
    <Item ShortLabel="653" updated="2020-01-01T00:00:00">
      <Label>Transmission control switch: Not activated during self-test</Label>
      <Comments>653 - Transmission control switch: Not activated during self-test</Comments>
    </Item>
    <Item ShortLabel="998" updated="2020-01-01T00:00:00">
      <Label>Fault in ECT/ACT/MAF/TPR circuit</Label>
      <Comments>998 - Fault in ECT/ACT/MAF/TPR circuit</Comments>
    </Item>
  </Items>
</Repository>