﻿<?xml version="1.0" encoding="UTF-8"?>
<RepositoryConversion generated="2019-11-14T07:24:56.9851915Z">
  <Items>
    <Item Title="Temp. °C to °F" updated="2019-06-25T15:37:22.046449Z">
      <InternalFormula>X * 9 / 5 + 32</InternalFormula>
      <Comments />
    </Item>
    <Item Title="Temp. °F to °C" updated="2019-06-25T15:59:34.6303835Z">
      <InternalFormula>(X - 32) * 5 / 9</InternalFormula>
      <Comments />
    </Item>
    <Item Title="Rpm. Standard" updated="2019-06-25T16:19:05.4669841Z">
      <InternalFormula>X/4</InternalFormula>
      <Comments />
    </Item>
    <Item Title="Without" updated="2019-06-25T18:20:53.3755566Z">
      <InternalFormula>X</InternalFormula>
    </Item>
    <Item Title="Speed. Mph to Km/h" updated="2019-06-25T20:53:24.9281344Z">
      <InternalFormula>X*1.60934</InternalFormula>
    </Item>
    <Item Title="Speed. Km/h to Mph" updated="2019-06-25T20:55:05.3519302Z">
      <InternalFormula>X/1.60934</InternalFormula>
    </Item>
    <Item Title="Pres. Psi to Bar" updated="2019-06-25T20:57:24.2441048Z">
      <InternalFormula>X/14.504</InternalFormula>
    </Item>
    <Item Title="Pres. Bar to Psi" updated="2019-06-25T20:57:49.2030052Z">
      <InternalFormula>X*14.504</InternalFormula>
    </Item>
    <Item Title="Volts. 12800" updated="2019-06-26T20:24:34.9631528Z">
      <InternalFormula>X/12800</InternalFormula>
    </Item>
    <Item Title="Cubic Inch to Cubic Centimeter" updated="2019-09-17T16:20:34.7885448Z">
      <InternalFormula>X*16.3871</InternalFormula>
    </Item>
    <Item Title="Cubic Inch to Liter" updated="2019-09-17T16:21:36.0360281Z">
      <InternalFormula>X*16.3871/1000</InternalFormula>
    </Item>
    <Item Title="Lb/hr to Cc/min" updated="2019-11-14T07:23:19.8350425Z">
      <InternalFormula>X*10.5</InternalFormula>
      <Comments>Lb/hr to Cc/min</Comments>
    </Item>
    <Item Title="Cc/min to Lb/hr" updated="2019-11-14T07:23:51.2790782Z">
      <InternalFormula>X/10.5</InternalFormula>
      <Comments>Cc/min to Lb/hr</Comments>
    </Item>
  </Items>
</RepositoryConversion>